"pa","Xkm","Ykm","rec","logrec","fyear","year","fmonth","dep","gra","tem.fal","tem.sum","tem.spr","sal.fal","sal.sum","sal.spr","ppr.fal","ppr.sum","ppr.spr"
1,1821.55388409728,5059.30824572414,273.472778320312,16.5370123758892,"2007",2007,"12",-0.933625207457796,-0.186654577344166,-2.1750904778281,1.0987650497338,2.13569179940961,-1.44782259570833,-0.977385161154573,-1.01392157602764,2.59420773757142,1.37446187186907,1.4771803336224
1,1789.24693301977,5041.12058270346,21.035457611084,4.58644280582283,"2007",2007,"12",-0.652474487712263,0.501608311773789,-1.10729198868219,1.09719214889969,1.34787494218338,-0.882845070515839,-0.245802246244767,-0.135726157520942,0.78477172806739,0.434314314631494,0.142726078487246
1,1765.61172498922,4943.18568869218,2241.6259765625,47.3458126613379,"2008",2008,"10",-0.92592949500631,0.476854991513696,-0.652602100798402,1.2216486792737,1.29093114035881,-2.30654947573854,-2.28128832064047,-2.90029515653589,0.771694739952651,1.36689481765055,-0.636518584394608
1,1776.57809218846,4908.01590212813,1605.359375,40.0669361818445,"2008",2008,"10",-1.05419169538544,0.408713583733889,-1.4145246523337,1.30337584680655,1.74863523013955,-2.07151278074047,-1.81370211409758,-2.25099547967588,-0.283193335953146,1.63131659254569,0.887511028478412
1,1778.6557053374,4909.92165684106,173.516326904297,13.1725596185516,"2008",2008,"10",-0.99519105385415,0.847306643930284,-0.571578557542542,1.13143339685301,1.17290900506978,-1.49376957751744,-1.24854731407839,-1.2881590030137,0.0430154445159291,1.19485410680931,0.226180157765479
1,1872.03877616462,4835.56324012239,29.7388477325439,5.45333363480944,"2008",2008,"10",-0.954147164411274,0.117842847933737,-1.07160384727312,1.0252886477302,1.06257936247397,-0.15752773627306,-1.01608737465144,-1.20481005689896,1.32464165313027,1.20082352949154,1.2871535843737
1,1766.23182588689,4999.518333903,1446.26965332031,38.0298521338213,"2008",2008,"11",-0.884885581099359,0.531887379712978,-0.260458877704344,0.937523671950724,0.426930729735696,-1.64411238585725,-1.50071509629512,-1.7642902633849,-0.199071737664003,-0.645805681418022,-1.36703743625709
1,1765.24639610996,5030.4708163817,631.099487304688,25.1216935596446,"2008",2008,"11",-1.09010510170596,-0.393596977421529,-2.3190328119643,1.19188819814488,1.48249666243902,-1.70782090135746,-1.25867551075646,-1.69501255055078,2.32768653323331,2.34126166599607,2.30953736817434
1,1785.74535282236,4979.19747725894,433.880889892578,20.8298077257707,"2008",2008,"11",-0.410315439696592,1.35675583338132,0.668708450725114,0.227944827476016,-0.477680619116817,-0.310448822086938,-0.04887419648106,-0.0306677029459633,-1.27255464791212,-1.11874510217627,-0.975191260484289
1,1770.99454533212,4944.07653343042,68.0722198486328,8.25058906070547,"2008",2008,"10",-0.723275228192917,1.03752666581669,0.281229915386024,0.820325025200489,0.364105030126028,-0.890768494212597,-0.654479467155371,-0.793215696627253,-0.804204548411397,0.354734460716751,-0.75314059174322
1,1770.67744627532,5031.55523945401,223.916030883789,14.9638240728695,"2008",2008,"11",-0.846406920985621,-0.177546808784156,-1.63932325855141,1.10068741777667,1.02439665216761,-1.46842731258737,-0.892619733442812,-0.904698919668708,0.93294104636513,1.13186455904788,0.72487790701397
1,1787.57390559102,4901.31141017454,96.4513626098633,9.82096546220703,"2008",2008,"10",-0.887450810428497,0.850866966923272,-0.688763079484421,1.02993393206979,0.913835849000934,-1.30710793041111,-0.962600854797154,-0.844478487895603,0.468467269435788,1.0412356298975,0.0325428737626889
1,1783.90316047426,4900.42809639039,1004.83178710938,31.6990818023075,"2008",2008,"10",-1.21580206052391,0.356149880592593,-1.28277276260065,1.23269766647744,1.47800674408861,-1.72907345030408,-1.43753443181267,-1.71965211316896,0.918057740140214,1.66875831829822,1.02993738013638
1,1774.91975326966,4968.81826500463,1928.26428222656,43.9120061284674,"2008",2008,"11",-1.03880022155431,1.93621199965854,-0.28807343194493,0.899271759565897,0.614001778486556,-2.1589275766237,-2.36175607849485,-3.09631388244042,2.02114387786504,-0.211097106771892,-1.12057861415376
1,1776.32085702063,5034.91708864792,38.8929824829102,6.23642385369293,"2009",2009,"11",-0.766884346964932,0.084036006878223,-0.730738787521637,1.22166994381623,1.28655983587297,-0.998092034192245,-0.697167425013995,-0.569504539757018,1.06033181343303,1.06637610002312,1.06665806817761
1,1765.39702113661,4943.25106105814,5699.89794921875,75.4976685018733,"2009",2009,"11",-1.02340874772318,0.459496908923459,-0.148426917776004,1.37001302591835,1.35015523471749,-2.14409869132758,-2.2974365535492,-2.30537570091228,-0.0278658297420706,0.445325140634239,0.915347638544272
1,1775.55882127517,4910.06863203377,842.893615722656,29.0326301895411,"2009",2009,"11",-1.07471362787483,0.525242376973079,-0.544142716289302,1.42790237165767,1.6547526268189,-1.88290714666327,-1.67955416218169,-1.68758371769716,-1.82721607828282,1.51466334350333,1.51365143368262
1,1837.73892374418,4857.05780308968,48.2591018676758,6.94687713060162,"2009",2009,"11",-0.946451427495708,0.333675653780561,-0.96890554917878,1.27780045223154,1.2725923156737,-0.912411776360906,-1.07339774629467,-1.30655583454695,1.59320541578489,1.61017097882277,2.09577675888928
1,1871.94662175079,4835.52098078489,53.2094612121582,7.29448155883324,"2009",2009,"11",-1.03469583505643,0.117842847933737,-0.693992772095157,1.21884838715939,0.964967823492371,-0.437772679854823,-0.676794484150228,-0.879792268795566,0.687298274845869,1.14340419932153,1.48081503734858
1,1880.44510735308,4816.7942051749,268.584075927734,16.3885348926539,"2009",2009,"11",-1.13371424494205,-0.00491773743942876,-1.23976129751255,1.38444400983281,1.56538390927495,-0.322559097497554,-0.662441802233644,-1.01313013882436,2.74038464097353,2.25578377493589,2.53669394602145
1,1766.20165697734,4999.92511806,5742.7666015625,75.7810438141525,"2009",2009,"11",-0.872059361061446,0.532889043346667,0.164610630620958,1.00120814997249,0.74109398946541,-1.18120437369885,-1.40365037646943,-1.37002259203956,-0.258132301395074,-0.770047121989086,-0.478432365021985
1,1765.44816036491,5030.64625648961,1640.95166015625,40.5086615448628,"2009",2009,"11",-1.14397521118675,-0.388493578135524,-1.49094414363514,1.28250738385153,1.66776489847245,-1.25980156640857,-1.06744951384095,-1.2813393121601,2.76506958824372,1.9818172656464,2.36156039776924
1,1785.27159717755,4979.76999059278,3801.40942382812,61.6555709066757,"2009",2009,"11",-0.430837421114141,1.39076831017568,0.773290710117237,0.475085204342859,-0.136904129618203,0.119451054725541,0.0135405684711841,0.063238652993417,-1.0610079315483,-0.953757294531353,-0.898779219431984
1,1775.84817616549,4944.61551368404,595.832153320312,24.4096733554612,"2009",2009,"11",-0.469316081227878,1.25615214583977,0.725865289794905,0.667464389976351,0.133208998370131,-0.0688815305225177,-0.0684746231367494,0.0571169920088799,-1.13411232134819,-0.538777489161698,-0.541679595775497
1,1789.12877787313,4885.35340566988,58.7165946960449,7.66267542677131,"2009",2009,"11",-1.22862826832979,0.0758969174168858,-1.75641400989918,1.41010242616564,1.84817811707427,-1.90910871018187,-1.7374282513801,-2.18230423568635,0.306852947056209,2.51989414511293,3.39793199861061
1,1776.51399235562,5005.05852321596,66.9595031738281,8.18287866058321,"2009",2009,"11",-0.36927152578964,-0.802329423008527,0.432727069537178,0.615009074538202,0.0160895633980673,0.24878753429167,0.240816192798369,0.362982151452961,-0.825422097620967,-0.610170390605132,-0.459430322784125
1,1770.46677488586,5031.2864853469,731.197814941406,27.0406696466897,"2009",2009,"11",-0.882320327306145,-0.175261643815787,-0.828010146604146,1.22440703385715,1.32909142615347,-1.00874555538339,-0.672234476610329,-0.618900079134927,0.731484249126342,0.875641511041652,0.99926255749045
1,1793.17856708616,4997.88362470842,53.7122116088867,7.32886154930537,"2009",2009,"11",-0.0973556512002666,-0.920404404197514,0.224023957832945,0.191548819659876,-0.488088432494803,0.6806248545002,0.431641400362837,0.585401211448468,-0.741518793938714,-0.567383653750212,-0.586817064728064
1,1805.60887072926,5019.30951066356,146.528945922852,12.1049141229028,"2009",2009,"11",-0.0665727035380141,-0.504645212532227,0.0308888266002917,0.310748335794128,-0.260730844844701,0.697990574630898,0.456511821128819,0.57232309270985,-0.455209640606558,-0.464932545410577,-0.422002366225376
1,1781.35370342457,4892.97354845057,474.901885986328,21.7922437116128,"2009",2009,"11",-1.1952800913384,-0.372499910413009,-2.04633154566283,1.45800926275921,2.02746983347259,-2.17972060304014,-1.89501905629096,-2.53204531784033,3.57681990535652,3.21347144061982,4.81508746352208
1,1775.52230668302,4970.77316101591,3422.20458984375,58.4996118777189,"2009",2009,"11",-1.10806180486623,1.96436796871874,0.133809037786043,1.04780953630163,0.73767554231496,-1.82111907944162,-2.4607925068727,-2.56501314753228,2.28187566900929,0.24447185189222,0.310077996380836
1,1842.01635418785,5037.99966544955,37.289363861084,6.10650176951452,"2010",2010,"11",-0.654013620416932,-1.6497493527842,-1.2286468539786,0.196145682929499,0.369803732928176,0.280390273390883,0.150250394070455,0.314650187808094,-0.305384075306924,-0.338963107275084,-0.311506234116524
1,1834.35564152843,5002.99683250148,25.9939842224121,5.09842958394172,"2010",2010,"11",0.00268890423797137,-1.88050385910262,-0.777781400791802,-0.267156951187591,-0.415803258746011,0.523223555796999,0.369730754049059,0.411162910174587,-0.570282433920181,-0.635813111551253,-0.524037838953291
1,1765.7712354191,4943.17369208843,590.151550292969,24.2930350160899,"2010",2010,"11",-0.872059361061446,0.492874967163998,-1.04689977661848,1.21112596594043,1.08738554419417,-2.65094626200346,-2.8654714222149,-2.22435164044498,-1.13533960024976,0.612602355128581,0.255933520290732
1,1770.05131479452,4909.89451778469,1002.58502197266,31.6636230076828,"2010",2010,"11",-1.0721483985457,-0.0284191263856044,-3.17645378752642,1.35239980478272,1.79256578907344,-3.05506221894972,-3.04631778673906,-2.58008480536243,0.386839224155053,1.6602485581376,0.751634508998595
1,1784.79083375422,4913.7473035521,162.488388061523,12.747093318146,"2010",2010,"11",-0.479576998544432,1.28455157186213,0.306996314814763,0.462057578153891,-0.272615872931336,-0.582462384989717,-0.369182693971197,0.178351613154874,-0.591616112652479,0.173392480301182,-0.692242295330078
1,1822.7380370908,5060.09341473725,213.996047973633,14.6286037602238,"2010",2010,"11",-0.869494131732308,-0.177720995029053,-1.76596064046296,1.01627242934176,1.56622433055122,-1.32486822809353,-2.02198399132362,-0.953690497729255,1.71206209423785,1.34661481994828,1.30212066714108
1,1822.66557303701,4870.65390771797,234.405227661133,15.3102980918444,"2010",2010,"11",-0.78740632838248,0.107945040471342,-1.63624172276551,1.09210315438551,0.858685012287511,-1.48743426121314,-1.79736552990423,-1.06451509214452,-0.779254971351656,1.47090254450608,0.386786243799012
1,1837.04490064506,4857.48661279462,328.158111572266,18.115134875906,"2010",2010,"11",-0.836145954740922,0.323669687686155,-1.76616019845878,1.13296692268545,1.03747084018472,-1.31461218362128,-1.70641704867114,-1.10807166459683,0.919305853357943,1.82315439709662,1.58750611148027
1,1871.98400346244,4835.82018312548,108.470230102539,10.4149042291583,"2010",2010,"11",-0.890016064221711,0.122006966510353,-1.18692105953042,1.09983353802919,0.768890241315281,-0.803418361570582,-1.08096132987726,-0.835520923220837,0.746841477084117,1.13164639184439,1.15981025442681
1,1882.22069566248,4813.18015973012,296.503479003906,17.2192763786376,"2010",2010,"11",-1.19784536959569,0.101679897440512,-1.63895595893101,1.24719535205828,1.33157932983296,-0.660200415435454,-0.932928400547032,-0.80079141209679,2.25048554448281,2.13567450586416,1.97189154898132
1,1765.92468841153,5000.2659302917,2162.97607421875,46.5078065943638,"2010",2010,"11",-0.789971533247548,0.525756795600168,-1.13644314936452,0.650098619118732,0.511986478488991,-2.07606674516915,-2.87137536750658,-1.71016633221839,-0.354002138696579,-0.644347288285638,-0.909237518868726
1,1766.2485722625,5031.81153211012,1005.60119628906,31.7112156230104,"2010",2010,"11",-1.0824093647904,-0.419848197262064,-2.64655235015719,1.0314199136936,1.59565753487321,-2.0484851781088,-2.36306631925082,-1.16969411634237,1.64513852891737,2.51520527550644,1.75618210001697
1,1790.10620611571,5041.4571272669,25.1809387207031,5.01806125119085,"2010",2010,"11",-0.528316673831019,0.544430222318979,-0.74187745633575,0.766712386249155,0.885671326181654,-0.754551309571184,-1.00551792104709,-0.00403246283147033,0.216517590292267,0.215429088667368,0.015076281783492
1,1784.57600190334,4979.40508989907,1005.60119628906,31.7112156230104,"2010",2010,"11",-0.389793507207189,1.43247304510355,-0.0329915121715953,0.287165188569262,-0.620429187112166,-0.474458913073584,-0.60010898579167,-0.214129807854048,-1.10500350498198,-1.08578933053943,-0.978671536299871
1,1776.07698831645,4944.53253554012,298.394805908203,17.2741079627344,"2010",2010,"11",-0.333358119469116,1.25470451236635,0.325444739757146,0.343528319144206,-0.503307078164608,-0.359603364221234,-0.188127967091211,0.193444882521271,-1.20711027699787,-0.551547053548298,-0.898951470816449
1,1789.86314481088,4884.77354905548,218.772064208984,14.790945345345,"2010",2010,"11",-1.09010510170596,0.065743772229774,-2.76617584263824,1.26489232523328,1.57828897602603,-2.32780415134691,-2.51939721731879,-2.01318418314746,1.58925504441883,2.94236532469616,3.18169067242521
1,1770.17223079504,5031.14398891944,615.356872558594,24.8063877370042,"2010",2010,"11",-0.759188610049371,-0.180203607377574,-2.03934864786371,0.928599505683446,1.34964382307385,-1.78440820784669,-1.79984747066102,-0.63955685554524,0.767249200689116,1.15842173134495,0.785263200475482
1,1804.4747643593,5027.32773461921,54.7037620544434,7.39619916270806,"2010",2010,"11",-0.0999209049934754,-1.01108339978293,-1.1107900238843,0.0216202480485474,-0.474675070664631,0.216685665858915,0.0715006484831599,0.342289295151797,-0.452559124752036,-0.313440133391897,-0.468333396436544
1,1794.24208447182,4997.91416750142,28.2908344268799,5.31891289897474,"2010",2010,"11",-0.0947904463351988,-0.845767988709478,-0.495441074986595,-0.207655368874949,-1.0381014756519,0.289989043053844,0.205114470721551,0.394467156776304,-0.697391717260244,-0.654547767617495,-0.84374129446405
1,1782.21308898343,4891.93463856535,123.07137298584,11.0937537824597,"2010",2010,"11",-1.08497459411954,-0.282167969641279,-3.0645211738981,1.32436506796816,1.74852058728227,-2.62145842440962,-2.7023168936304,-2.28271886403464,2.42323544917163,3.37075651849814,3.89500623963698
1,1801.01599050516,4887.4996477228,41.0237884521484,6.40498153409894,"2010",2010,"11",-0.805363031542745,0.669564969454582,-1.42148273243385,0.992257505109392,0.665750691373914,-1.61461302430136,-1.84523151112362,-0.877307776266223,-0.444430453054875,1.47153448920321,0.354984309768492
1,1987.2578118332,4677.00817288534,27.346508026123,5.22938887692654,"2010",2010,"11",-0.610404501644917,0.318726264267126,-0.242433753377604,1.02180648727629,0.666142917475464,0.143297612990278,0.138130333003402,-0.390850978896205,0.728946760170851,0.384133759693207,0.446427570484411
1,1775.30934179636,4969.89223188641,2215.06713867188,47.0644997707601,"2010",2010,"11",-1.01058252768527,1.95693644467389,-0.889983245506598,0.889630315464752,0.39109143622623,-2.40309642988193,-2.97794974480589,-2.83264222173944,0.478182469732668,-0.144504065691119,-0.889153856764656
1,1778.70231105257,4969.57494339526,3916.55224609375,62.5823636985193,"2011",2011,"11",-0.54370814766214,1.83477246371008,0.668799927148617,0.493876291105155,0.618604243543314,-1.18583504336377,-1.45590950607959,-1.80763572525239,0.171825014872114,-0.738375565929217,-1.09907313614244
1,1796.31994900358,4945.31686747397,72.3886489868164,8.5081519137129,"2011",2011,"11",0.154038241971563,0.507237318604609,-0.258008285303345,-0.823428196715262,-1.1020993723521,0.574226112473735,0.439463023200743,0.397986151835221,-0.836934339350766,-0.870487966112585,-0.771130520503221
1,1829.44337102538,4961.93666449314,26.4631900787354,5.14423853244923,"2011",2011,"11",0.477258947784442,-1.15248254486573,-0.184375845400463,-0.920344215516582,-1.31918494769675,0.898327429380143,0.555811667363893,0.421251175255513,-0.616613578602759,-0.846491615301292,-0.6336898649065
1,1770.23951514559,4907.91797644725,683.841796875,26.1503689625022,"2011",2011,"11",-1.21580204829188,-0.217171251103441,-1.78799771163486,1.42950090301867,2.30352085905459,-3.06698297607936,-2.04437982097494,-3.29955604819216,0.394723907692696,2.08638561155577,2.12745099180852
1,1784.3216048236,4914.43171210596,54.7037620544434,7.39619916270806,"2011",2011,"11",-0.571925792603034,1.26626847516101,0.962512253440198,0.365607950135396,0.545988059290526,-0.459613996019478,-0.0862196660315347,-0.33452676585843,-0.280003790727531,0.428282663349631,-0.451874596984822
1,1800.78084030103,4894.6870705607,51.2703018188477,7.16032833177695,"2011",2011,"11",-0.646317859037296,1.11732384204063,0.962690153303773,0.575758403967959,0.779761426984121,-0.647831605207799,-0.460296408523556,-0.621325272642226,-0.249277549428324,0.618000445532919,0.348648665688349
1,1848.62267062521,4871.80263996274,214.848846435547,14.6577230986107,"2011",2011,"11",-0.877189844183798,0.852853213133335,0.024834829773503,-1.42846791946148,-1.37872820408182,0.715748836534632,0.498288245183913,0.534741010472208,-0.648774004447216,-0.697498673682824,-0.611494944388507
1,1835.89536411499,4858.15230348419,957.770324707031,30.9478646227334,"2011",2011,"11",-1.01314778147849,0.3130076385192,-0.559875116193926,1.21149129517873,1.66565609075278,-1.24662965053981,-1.18601684794085,-1.86751742463245,0.731185008173392,1.5379851015834,2.5276557515107
1,1872.19282297262,4834.97754535215,492.237152099609,22.186418189956,"2011",2011,"11",-0.9438861737025,0.115001530605213,-0.15427827254474,1.09304390884584,1.41194182130418,-0.668294090221083,-0.822249693522973,-1.42472207253754,0.406044720594966,0.905061145508846,1.69682927383568
1,1881.86118299242,4813.30837682245,185.242324829102,13.6103756314476,"2011",2011,"11",-1.0362349677611,0.0884140253122789,-0.62744532929597,1.37376728038093,1.83600913123163,-0.348314743668199,-0.740589155557668,-1.26641430945609,2.44179504127782,2.17957097190867,2.64268474407875
1,1766.19784699462,4999.70238723609,6939.8212890625,83.3055897828141,"2011",2011,"11",-0.85666788723032,0.533763235728875,0.0801467026380303,0.778606081492228,0.653666885481631,-1.39285711389546,-1.52496590881791,-2.07086560065625,-0.294899195043492,-0.490120176185314,-1.2942539010753
1,1764.23785938906,5028.64777645499,979.138061523438,31.2911818492597,"2011",2011,"11",-1.1388447280644,-0.363615048608103,-1.58013098484277,1.24210400703213,1.60711842741745,-1.4300263447184,-1.25192247021229,-1.93732951113442,3.03911801095227,2.30412868680864,2.85362033803556
1,1786.1943498246,4979.18043803243,4627.80078125,68.0279411804444,"2011",2011,"11",-0.392358712072257,1.32068589343209,0.6742084779473,-0.0583194598347586,-0.183929166667355,0.12127362203314,-0.0968089413981302,-0.253832095534169,-0.973844954400143,-1.03910796007956,-0.974483335912879
1,1774.4944208042,4944.35390735787,2208.72314453125,46.9970546367669,"2011",2011,"11",-0.425706864599567,1.22208106692134,0.760100541661826,0.311007114597504,0.442706816309939,-0.421316907398105,-0.161191194426185,-0.439707837464963,-1.13088243003173,0.0951135059504263,-0.89108473225557
1,1789.66891829342,4884.93195088055,191.425552368164,13.8356623393376,"2011",2011,"11",-1.18245387130049,0.064530100747173,-1.45900615225934,1.34781257651817,2.10352212233468,-2.2059407066869,-1.72202919199771,-2.66270912046122,0.711141615536682,2.69839821417831,3.37261691391907
1,1886.55780087147,4834.56522565999,25.9939842224121,5.09842958394172,"2011",2011,"11",-0.220487392921116,0.60375365531549,0.501194942234906,-0.404853878815821,-0.39334280512111,0.0251701404853864,0.146542365960741,-0.0640761349878088,-0.262012079518141,-0.187676928891606,0.0836739326208558
1,1771.01080946007,5031.4026325653,351.632507324219,18.7518667690505,"2011",2011,"11",-0.854102633437111,-0.180435675986226,-0.898616993636213,1.14278681461869,1.2455886424536,-1.23446207340943,-0.845179018110104,-1.22140468347399,1.01259887154775,1.1288979322318,1.39675726490816
1,1798.64397219668,4955.53561569242,26.9548606872559,5.19180707338552,"2011",2011,"11",0.130951006760801,0.69698633913592,-0.261023905792043,-0.709782801627135,-0.98750303610933,0.651901506368716,0.382431937960419,0.366659524948498,-0.955007983908519,-0.985829706175856,-0.830340214844737
1,1854.46751456718,4904.27155481013,765.852661132812,27.674043093354,"2011",2011,"11",-0.854102657901182,-0.512760435000841,-0.950504134406036,-1.70947568854812,-1.65249977313122,1.00747916232392,0.60681701483296,0.617248016636158,-0.544658578818502,-0.849638031384557,-0.624476532523652
1,1782.48302296402,4893.11470926119,1928.1181640625,43.9103423359748,"2011",2011,"11",-1.13371424494205,-0.266033695358542,-1.49342420015648,1.39363283641838,2.24460448087781,-2.43965606310763,-1.75307257723082,-2.73387386163709,1.31028798361674,2.89062103873422,3.47609508629639
1,1800.27167876029,4887.98512161578,587.165954589844,24.2315074766273,"2011",2011,"11",-0.838711208534131,0.719732651563815,-0.0367009827845389,1.04350702623194,1.50218363794904,-1.42845043382205,-1.21574396793868,-1.54141526822335,-0.0279724677518564,1.39631068670351,1.21382701876217
1,1876.78130367403,4838.85561617429,52.9263801574707,7.27505190067196,"2011",2011,"11",-0.605273994058495,0.371283025661569,0.400531550249026,0.430117371479502,0.511458783256697,-0.436042676863643,-0.274759702804796,-0.652761868124494,-0.394801703450834,0.0742954909832556,0.380077298557766
1,1904.09295072368,4811.61250239877,25.6351509094238,5.06311671892164,"2011",2011,"11",0.692739483563893,1.26393911120894,-0.132433214741682,-1.32257052115178,-1.19129954338112,0.452912164495415,0.573247490767637,0.569246155935891,-0.735881538147787,-0.637322236123917,-0.555227017682375
1,2000.0466594242,4703.45574299057,26.8561058044434,5.18228769989118,"2011",2011,"11",-0.815624022251519,0.523535088470187,-0.732949154122449,-1.77038193602583,-1.29798940434709,1.10175435093618,0.848060166419019,0.853288077158528,-0.550171439366351,-0.91208555745125,-0.734948648149982
1,1775.11060110463,4970.21758447018,5237.3564453125,72.3695823209759,"2011",2011,"11",-1.12601853249056,1.96054413259083,0.280867581628714,0.781868869554384,1.01755041432015,-2.13863377042376,-2.59680932802936,-3.07382696531797,1.33500467140553,-0.340153400883326,-1.1827787829345
1,1806.23108547722,5028.35932842675,48.8344192504883,6.98816279507628,"2011",2011,"11",0.0668199065712378,-0.825430376502737,-0.416156071651313,-0.229815692051923,-0.515841236853232,0.484861385872727,0.409113945301439,0.397078194328561,-0.540391406740283,-0.554982551437947,-0.309669984806607
1,1779.99482710289,4971.11518387841,1832.21606445312,42.8043930508671,"2012",2012,"12",-0.548838606320417,1.77951479073527,1.49435861896533,0.641475512077731,-0.186673403169798,-0.712237284057808,-0.639658301228815,-0.643304887389475,-0.0487493041172858,-0.148503009185355,-0.564603284777369
1,1770.36993719572,4907.66373392753,54.7037620544434,7.39619916270806,"2012",2012,"11",-1.22862826832979,-0.242754584017979,-1.54060747802999,1.47338731715333,1.87707721476983,-2.49329524413245,-2.28337927156908,-2.14691712722336,1.66481679812966,2.61020870678498,3.04227236725159
1,1784.21205205812,4915.113244138,492.285491943359,22.1875075649195,"2012",2012,"11",-0.571925792603034,1.2501295240839,1.97129508516691,0.691767830391202,-0.0110579727770436,-0.245924568211218,-0.0962178519936575,0.212416853904201,-0.769247507404545,0.250299183649833,-0.0579103844951662
1,1822.7707274314,5059.96514758048,191.425552368164,13.8356623393376,"2012",2012,"12",-0.846406920985621,-0.19436296853121,-0.0792734597764107,1.20008668441415,1.23288455415924,-0.924533530292087,-0.646266342241439,-0.741536371435539,2.33657163672502,1.30620887971988,1.46225436903857
1,1800.85088672377,4894.61606830611,820.427490234375,28.6431054572366,"2012",2012,"11",-0.63092643413432,1.11811765964497,1.05309891624814,0.798122267168289,0.221804076407293,-0.625008434754333,-0.323892728928533,0.0040743656180675,-0.577503075299531,0.542053704075295,0.526311196895967
1,1848.96810947056,4872.37778463934,738.355712890625,27.1727016119234,"2012",2012,"11",-0.879755097977007,0.784756832190777,1.00269134709596,-1.18814104596467,-1.36558742178085,0.898295447658986,0.951562437830301,0.990446169145401,-0.691466164162983,-0.658349422877859,-0.674290483707256
1,1826.71091283515,4876.47544035779,54.6930160522461,7.39547267267252,"2012",2012,"11",-0.510359946206679,0.842607745215027,1.17074200514491,0.387797712296882,-0.0880268082314923,-0.261310720684004,0.0107821809460377,0.222706493004171,-0.474171568119098,0.170219587451867,0.325819931233275
1,1837.00373128344,4857.50308698207,683.662719726562,26.1469447493691,"2012",2012,"11",-0.931059978128657,0.326242551337059,-0.202997831610235,1.24076405816226,1.25849460052987,-0.912011936684531,-1.00696012128761,-0.607648127619131,1.60168790893372,1.54593822912615,1.77845766940733
1,1871.02039192103,4836.15669899916,351.597961425781,18.7509456141759,"2012",2012,"12",-0.964408130655973,0.11973176909739,0.293447535547161,1.14948922881466,0.978040797463113,-0.471330857180512,-0.469069542764189,-0.303731843425234,1.1832592413002,0.911013986818137,1.10580564794904
1,1896.56007141255,4811.98311439441,26.8561058044434,5.18228769989118,"2012",2012,"12",-0.477011793679369,0.848640470712876,1.01250507720032,0.304640472867994,0.118050815281816,0.00770824798379613,0.300478527889964,0.268673881604989,-0.0540251365430778,-0.138399857968983,-0.0822629893386179
1,1901.36773419308,4784.77140288943,27.855152130127,5.27779803801993,"2012",2012,"12",-0.725840433057985,0.646751911346299,0.554879440813515,1.04429287724228,1.06007020222608,-0.0212766977210341,-0.0553345319574833,0.189437466745004,0.979952480793767,0.496560077050417,0.700280258778414
1,1765.71644588943,5000.22012723138,3732.59057617188,61.0949308549562,"2012",2012,"12",-0.882320327306145,0.512801785309505,0.673786989436067,1.05369382575393,0.306793406068219,-1.54010617466758,-1.48549766216105,-1.54283177171641,0.908204410588304,0.167658780307255,-0.341736144734113
1,1766.03564275324,5031.28316161063,300.811584472656,17.3439206776512,"2012",2012,"12",-1.1388447280644,-0.402757154200824,-1.14958828237952,1.2651479630407,1.43601964898296,-1.5443163287779,-0.909275358921642,-0.954623615613859,2.70638285674234,2.30306431648374,2.62358936695547
1,1786.32748035783,4979.44611876089,2429.59545898438,49.2909267409772,"2012",2012,"12",-0.341053831920606,1.31061759074661,1.6873421606963,0.363989434187687,-0.654328142578482,0.11405087885759,0.178653531708619,0.349860612484203,-1.00426228561218,-0.852631423411927,-0.949464677951705
1,1774.56695988536,4945.76659397991,984.667663574219,31.3794146467747,"2012",2012,"11",-0.484707555059005,1.30116407817804,1.64577239889044,0.622285662792795,-0.200485254965944,-0.231534156946772,-0.0781851708300238,0.192207337713638,-1.36301002326768,-0.085068861760053,-0.748877154941211
1,1789.36581006769,4885.43800342665,328.158111572266,18.115134875906,"2012",2012,"11",-1.15936670948195,0.0845077306902564,-1.16059176355978,1.40386692101681,1.62168612295248,-1.78108748912153,-1.77187357439789,-1.2973817450288,3.4966368940961,2.60274558289217,2.43918946581797
1,1776.62062158006,5005.32287472445,27.855152130127,5.27779803801993,"2012",2012,"12",-0.300009966941801,-0.847659805783081,0.856603289698101,0.646018910361362,-0.455164546801664,0.0134957216766827,0.373100397951373,0.58145044064594,-0.559046467167808,-0.159738069913367,-0.528871846823497
1,1770.70831889771,5031.44526722353,1933.826171875,43.9752904694784,"2012",2012,"12",-0.82331973470301,-0.180951663834733,-0.386906244208221,1.16824906266729,0.985676872347075,-1.29240397286108,-0.625680506742486,-0.308246607074655,0.96891344063567,1.32458058094115,0.915451132240437
1,1792.62040653604,4999.15672693858,27.346508026123,5.22938887692654,"2012",2012,"12",-0.115312378824602,-1.02353684366028,0.762266064487018,0.127997299996441,-0.868465570811502,0.492269039562102,0.586531167229139,0.87848455010623,-0.580557704741469,-0.506791691640194,-0.61174551252517
1,1798.74070978416,4955.44732676183,27.346508026123,5.22938887692654,"2012",2012,"11",0.128385801895738,0.678598173999279,0.994554266577582,-0.466305477788133,-1.09958318907664,0.831643904927449,0.839588534545187,0.967235925282085,-1.00748204766464,-0.658689305578611,-0.761560290263677
1,1796.82297657397,4928.51252119672,27.855152130127,5.27779803801993,"2012",2012,"11",0.200212614536792,0.840468718590719,1.00720223249092,-0.59651032128249,-1.2954947235228,0.773682692842306,0.867369179762228,0.948643861955915,-0.921745979616948,-0.670976796582725,-0.7546712604264
1,1787.68238352657,4901.57585414496,2912.68896484375,53.9693335593812,"2012",2012,"11",-0.854102657901182,0.874190801215607,0.488920078160772,1.11707340468187,0.691077416210339,-1.23761612183516,-0.832036465914362,-0.388902073313982,-0.702912193211917,0.988398396208355,0.884614456049843
1,1781.45280232849,4894.09061741927,188.684020996094,13.7362302323488,"2012",2012,"11",-1.12345327869735,-0.372674753287193,-1.38741043056932,1.46851147062394,1.80807899619512,-2.01353452809634,-1.95744023547646,-1.60138705358562,4.94574944662098,3.04969077845049,3.55995783199001
1,1801.02621324961,4888.44626224127,1782.32250976562,42.2175616274273,"2012",2012,"11",-0.841276413399199,0.778151621581783,0.188053616013477,1.09228355748758,0.757512715335688,-1.16705487504131,-0.890520742451082,-0.473770075348255,0.508588412162793,1.2190226244872,1.13314959604748
1,1877.32938577077,4837.51215858998,55.7103042602539,7.46393356483389,"2012",2012,"12",-0.633491638999383,0.354411485139805,0.615015867373161,0.838018993489357,0.50296337870881,-0.332193120668939,-0.114656968369912,-0.0879030583482632,0.0331437567649147,0.333488164229148,0.419944296766486
1,1958.98594207273,4694.83745305924,27.855152130127,5.27779803801993,"2012",2012,"12",-0.802797777749531,-0.428046098785758,1.18998118714002,1.3288620056868,1.28814198106813,0.440428932594333,0.292943696998554,0.540046377195398,0.824035962199339,0.386430905185542,0.610704224524892
1,1986.59615408627,4676.75780365314,27.346508026123,5.22938887692654,"2012",2012,"12",-0.638622195513956,0.318726264267126,1.25889712007209,1.20457441377967,1.10148148898183,0.559086025672888,0.596888750693904,0.720937846749405,0.735330323070079,0.194520755821378,0.337890828967218
1,1775.20695977762,4969.20154212358,4895.02490234375,69.9644545633263,"2012",2012,"12",-1.03880022155431,1.93874211429096,0.919068967360879,1.00463356309965,0.374513894653,-2.10199247883936,-2.13887684308264,-2.54747322478242,2.18900811031666,0.879409231640112,0.139667771807349
1,1854.09802965543,5056.37052817878,250.796691894531,15.8365618710164,"2012",2012,"12",-0.397489219658679,-0.549200472007109,0.125215272113404,0.750704237598571,0.47522134401721,0.384305401656684,0.558547404628093,0.655113020422606,-0.0453424249818563,-0.207799222205891,-0.0243526665773994
1,1774.99075180121,5035.15560105087,328.190307617188,18.1160235045439,"2013",2013,"12",-0.766884346964932,0.0566824145762658,-1.11335351271185,0.92767951582381,1.18354048574023,-1.92425985744151,-1.07461858867577,-0.571931538017094,1.12748800944671,1.24509810104139,0.768288489643825
1,1780.17877601388,4970.52961765537,1905.34973144531,43.650311928385,"2013",2013,"12",-0.536012386282504,1.77233006166542,0.596274224193333,0.351860504523354,-0.0991051317212922,-1.21243267491496,-0.770154872958847,-0.576631857557723,-0.406661320364644,-0.521660689625305,-0.257907370152019
1,1797.71828797777,4946.32730581253,27.346508026123,5.22938887692654,"2013",2013,"12",0.156603446836626,0.438233188513089,0.296828213757874,-0.652138262494219,-0.947303465957788,0.613473764373438,0.828011177738174,0.893122460614077,-0.815900095781511,-0.567229816532245,-0.839468778463493
1,1769.44736375587,4911.29756200974,410.117126464844,20.2513487566839,"2013",2013,"12",-1.17732341264221,0.0275726283507256,-1.85002128229094,1.42522202894349,1.89437851237606,-3.15193148049812,-2.88444592661649,-2.40246406360625,0.265121183117939,2.46679725576305,1.37319268518314
1,1785.26192800808,4914.5469134929,1189.68994140625,34.4918822537456,"2013",2013,"12",-0.584752012640946,1.27291258040372,1.09180386879144,0.305130834684846,-0.241889245149487,-0.630117512433005,0.169535966509461,0.569317648414093,-0.867162416228771,0.274175571525304,-0.757258814450408
1,1806.1236171883,4922.35678840045,52.9263801574707,7.27505190067196,"2013",2013,"12",0.443910795257131,0.225173554665578,0.300136872435191,-0.953982892190423,-1.06330983558011,0.802252239704505,0.904641253113197,0.88129944889994,-0.650037166544197,-0.48534799979177,-0.812511460505307
1,1823.34635628522,5060.42195679492,56.5816688537598,7.52207875881128,"2013",2013,"12",-0.884885581099359,-0.201479362267871,-0.81423858884913,1.00723964743473,1.31913630760553,-1.62099393659745,-1.22433430766956,-0.984369506498702,2.42662594289032,1.19272841478546,1.63639039305778
1,1800.89003337921,4894.63641263391,4621.56005859375,67.9820568870474,"2013",2013,"12",-0.679666060492757,1.11779899739952,0.981943936678487,0.692044905495944,0.183140695954854,-0.96440320349265,-0.503603506920899,0.220840575720857,0.186828453529935,0.647897008999604,-0.665961558574338
1,1849.19852725163,4872.33424107002,1558.7509765625,39.4810204599944,"2013",2013,"12",-0.961842901326835,0.78075226224711,0.918974093241678,-1.23137452687614,-1.01769162928702,0.779910267372269,1.00466517273292,0.92772116507186,-0.614861049433223,-0.666383929032015,-0.776929762161481
1,1827.45832316436,4915.15339338471,246.118576049805,15.6881667523584,"2013",2013,"12",-0.192269699052077,-1.53623952960157,0.547978999572115,-1.12131716998019,-0.866461672063596,1.01030857674033,1.00106401510193,0.958374058006004,-0.54992675024276,-0.638258805046254,-0.73409357598722
1,1846.91455432096,4885.91479363693,136.732543945312,11.6932691727041,"2013",2013,"12",1.34687670549744,-0.646484567826871,0.334545482288752,-1.36884910732773,-1.04984888928033,0.979302302647541,1.03930553966396,1.00092095465479,-0.605839948527744,-0.747997704392878,-0.79407556955436
1,1836.46978114523,4857.95862229755,1352.173828125,36.7719162966115,"2013",2013,"11",-0.895146547344058,0.319179900546529,-0.401326471446147,1.20583335636414,1.10008856904539,-1.39840006692698,-1.6493086585579,-1.09142896183254,1.59812958097579,2.22440126462626,1.37409195156719
1,1853.10115955395,4858.24558344753,382.851104736328,19.5665813247059,"2013",2013,"11",-0.279487985524252,0.962404201761866,1.3518540328451,-0.0344671030824721,-0.438598438778806,-0.157545413012918,0.347057441997941,0.592067847127989,-0.420576151705011,-0.125780758569147,-0.131486145795588
1,1870.96656249352,4836.15371656992,149.157455444336,12.213003539029,"2013",2013,"11",-0.974669121364747,0.118326993382484,-0.036535744419569,1.16422756703479,0.807595083755496,-0.878879955099847,-1.06845869766303,-0.649294088614845,1.11856027199561,1.1107378146997,1.43143912606891
1,1882.32006079902,4813.81726275659,738.355712890625,27.1727016119234,"2013",2013,"12",-1.04136547534752,0.091988368832505,-0.400671035611805,1.31472917295984,1.36813103803107,-0.631304535052264,-0.988285905448128,-0.681215464976766,2.59169440729779,2.19570007410845,1.79345921711591
1,1896.54529124778,4812.46525777654,1022.10876464844,31.9704357907183,"2013",2013,"12",-0.502664233755194,0.852610313845519,1.06185207741057,0.415511936650271,-0.174897568562771,-0.188226735005992,0.323416983850759,0.41793255326024,-0.289775263507526,0.0075785426717272,-0.217561761569039
1,1901.16441898418,4784.29497654725,4156.66943359375,64.4722376964981,"2013",2013,"12",-0.772014854551359,0.597267346152661,0.316814069881737,1.23063191196969,0.886800250972278,-0.374824127844568,-0.36840633790475,-0.332712306780174,1.21928404233531,1.1116464511705,0.889772670319005
1,1766.08745621018,5000.14290831296,10498.2412109375,102.460925288314,"2013",2013,"12",-0.843841691656483,0.525438680657811,-0.193363621809072,0.67470785119373,0.518726802318695,-2.17623614953579,-2.10931658223395,-1.57616510177429,0.203203487750776,-0.488998581097229,-0.863778722330391
1,1766.04503227404,5031.06097269171,961.888366699219,31.0143251852949,"2013",2013,"12",-1.05675692471457,-0.391199480631459,-1.88856488784726,1.04254141864122,1.46802058898377,-2.06124727534979,-1.45993293406125,-1.16799158227243,2.26194108492025,2.72565331984145,1.91882021997455
1,1784.73884726344,4979.00420308121,4273.3115234375,65.3705707749099,"2013",2013,"12",-0.459055066055029,1.42619380268737,0.901587387230488,0.147788283555192,-0.293507652665225,-0.600028883802828,-0.0484632178533495,0.218958097176103,-1.06952465534049,-1.07514796025453,-0.960972352339
1,1790.03687478762,4884.16907644638,273.491943359375,16.5375918246695,"2013",2013,"12",-1.231193522123,0.0401438596869395,-1.4984175060729,1.34557383165878,1.68584032735105,-2.4350383442676,-2.34153955137972,-1.93860527423759,3.22761827680581,3.093842050666,3.31408879823213
1,1885.25923832893,4835.77208531793,109.386032104492,10.4587777538531,"2013",2013,"11",-0.276922731731043,0.623490640198942,1.25170181111366,-0.109114717036339,-0.5170292749434,-0.0012337285495864,0.52664812015564,0.618981489326227,-0.390867367381496,-0.152361774944718,-0.277383091697243
1,1776.80244006338,5005.36790246906,328.158111572266,18.115134875906,"2013",2013,"12",-0.292314205562165,-0.893063086068473,0.179831523405536,0.12246753737386,-0.277542313170399,-0.500392326355721,0.329012233035084,0.501784403613142,-0.889344495812958,-0.250053914737351,-0.867310958104684
1,1908.77540754255,4779.28523802678,164.079055786133,12.8093347128621,"2013",2013,"12",-0.235878866752238,1.0078024051773,1.18692631019756,0.143222571112854,-0.384301660616716,0.116692938007951,0.592399689472669,0.579147105870678,-0.330138833531389,-0.291488095059847,-0.403393344838818
1,1817.54278986516,4903.93762985186,27.346508026123,5.22938887692654,"2013",2013,"12",0.808175463905107,-0.402606479733502,0.525863607157717,-1.13758575823575,-1.0766434207346,0.88509204083718,0.952710184679184,0.894199943560247,-0.653483782644107,-0.621039586572578,-0.814008060811767
1,1771.64616174518,5031.52276832205,1230.51232910156,35.0786591690954,"2013",2013,"12",-0.83871118407006,-0.1699628015938,-1.17500154796534,0.894795573360469,1.12665307713671,-1.8397847352076,-0.963425852131957,-0.462181560175934,0.434317455816226,1.10956634143134,0.318970496227684
1,1803.990337719,5027.60129342126,41.0237884521484,6.40498153409894,"2013",2013,"12",-0.128138598862514,-1.10275475255874,-0.086669122430325,-0.321972617760584,-0.311367672840025,0.115819279908417,0.550591639684531,0.610519852533896,-0.520539245620228,-0.419435799928853,-0.353824535045391
1,1793.58330445586,4998.51458721337,27.346508026123,5.22938887692654,"2013",2013,"12",-0.115312378824602,-0.924593886318967,0.211122558666423,-0.372378077365466,-0.677115761715055,0.238883561400788,0.668376448472825,0.815678771968359,-0.692286763810973,-0.473828511278611,-0.854445478575597
1,1799.05788365379,4954.88685087888,109.386032104492,10.4587777538531,"2013",2013,"12",0.148907734385141,0.630949123949859,0.295587375277498,-0.618581157485047,-0.916076872376834,0.624092731855059,0.825034472432773,0.88253116996733,-0.815216927850207,-0.627599783783504,-0.844750395178801
1,1796.91977268782,4928.72101813031,65.6316223144531,8.1013346008206,"2013",2013,"12",0.179690682047389,0.828335581775038,0.494707660794276,-0.758504792105699,-1.01008559820817,0.636001247047121,0.845815351844978,0.910644411665494,-0.848660341921477,-0.555920992879173,-0.835096785255408
1,1787.76083020739,4901.00427673383,5249.1943359375,72.4513239074173,"2013",2013,"12",-0.854102657901182,0.830598658980228,0.558803535443981,1.08540352782346,0.697170668706536,-1.58095830198467,-1.14397382118353,-0.205731792390987,-0.947182904292458,1.22943833546363,-0.611674451886265
1,1781.52817813371,4893.88982688009,109.386032104492,10.4587777538531,"2013",2013,"12",-1.1388447280644,-0.363020941659162,-1.82060966645081,1.39767900195653,1.88112174100944,-2.71464274459688,-2.49091111781059,-2.24090744208493,2.95950050061031,3.30920489187016,2.33423693067724
1,1801.14820436215,4888.11790518631,3281.5810546875,57.285085796283,"2013",2013,"12",-0.859233141023534,0.742896797356741,0.0950976789890656,1.07029837624444,0.719360654320791,-1.67745860589381,-1.42467162258838,-0.481523111576234,0.965965499960548,1.47689215408315,-0.549070447219904
1,1877.18324636807,4837.94965384924,4457.48095703125,66.7643689180932,"2013",2013,"11",-0.654013620416932,0.366565402512678,0.36139601963237,0.9314831833876,0.376776354536759,-0.73154682756996,-0.501315429680414,-0.201307114723968,-0.0624081484229204,0.596487164893327,0.567638469197749
1,1906.02988813017,4762.17753553138,1838.44006347656,42.8770342196911,"2013",2013,"12",-0.879755097977007,-0.237614154892154,0.330664210240491,1.28093405898298,0.940318994472484,-0.34727104351059,-0.336510060104046,-0.353323570053519,1.23768168786675,1.07119814306792,0.729235803723169
1,1929.38103274211,4727.82347424133,107.819442749023,10.383614146771,"2013",2013,"12",-0.284618444182529,0.35967383742436,1.32910097135052,0.222808498152959,-0.166717785328958,0.13427784062477,0.514935964229504,0.436343989642161,-0.322957342354007,-0.236594734824568,-0.290007343554648
1,1958.97622940394,4694.35337750484,1668.13696289062,40.8428324543073,"2013",2013,"12",-0.833580700947708,-0.423369494820738,0.826753458229251,1.26275500836796,1.21298034119209,-0.0634180455698568,-0.0358041273473227,-0.454746888416058,2.00562868811647,0.658158390620556,1.32496218160453
1,1986.62190228815,4677.18746560567,246.118576049805,15.6881667523584,"2013",2013,"12",-0.62323072168283,0.318726264267126,1.1361860108011,1.17434418100238,0.979464778544741,0.184838815071782,0.187573146545035,-0.118084046328542,1.03520615915388,0.40684606054162,0.597174858787343
1,2001.22118282742,4702.86989411477,847.741760253906,29.1160052248571,"2013",2013,"12",-0.820754480909796,0.474477765108554,-0.778005910071217,-1.57816085634946,-1.12736556391575,1.2464224259215,1.22840080849648,1.21624609236029,-0.539847694959593,-0.910882968363093,-0.735682817107958
1,1775.0337664118,4969.54654197859,8203.9521484375,90.5756708417746,"2013",2013,"12",-1.06958314475249,1.95093164697865,-0.0137232668099393,0.83952954555397,0.494278398519249,-2.5625431682279,-2.70099117408258,-2.55871167856688,1.21867885529933,0.506393314062736,1.00104054489165
1,1808.09015758208,5028.61697863417,54.6930160522461,7.39547267267252,"2013",2013,"12",0.0822114293305099,-0.662950606530755,-0.105967290746602,-0.417718236035588,-0.352760229473157,0.231442153772171,0.571812172464749,0.626539930732864,-0.58216065387876,-0.478031791795858,-0.370656821452307
1,1780.12517942977,4971.45477264955,3801.16455078125,61.6535850602481,"2014",2014,"11",-0.548838655248568,1.7745841059568,2.34495641165974,0.488835961088141,0.980795545455451,-1.08149801812202,-1.21593466888156,-0.933041349812173,-0.398430627772097,-0.558729760540967,-0.445150738371982
1,1770.32497755488,4908.1069562905,389.972137451172,19.7477122080299,"2014",2014,"11",-1.21580204829188,-0.199299821848431,0.0597668880503116,1.13183392618587,2.33979570321563,-3.18764826495497,-3.93919424515415,-3.17329167186454,-0.338887522694367,1.29357293761024,1.14333356443412
1,1783.45188584785,4916.06327045067,334.261840820312,18.282829125174,"2014",2014,"11",-0.592447774020582,1.21070664949979,2.64499890645659,0.727524535597789,1.41354527224427,-0.60278803658635,-0.388943610086122,0.15764839848237,0.062388264209004,-0.0904733869368513,-0.172451238048013
1,1800.46448006343,4895.47033714352,82.0395278930664,9.057567437953,"2014",2014,"11",-0.633491687927529,1.1228329910827,2.36217480105165,0.619756375808569,1.21795823855491,-0.501934019809575,-0.294163593347041,0.267155917636873,0.0884353570143031,0.22267986386875,0.398761778670561
1,1849.7481574243,4872.34469316097,136.732543945312,11.6932691727041,"2014",2014,"11",-0.861798370352672,0.766369195676039,1.30970936349769,-0.893709315894578,-0.259926070427881,0.719263463188791,0.903127694528625,0.895816395469333,-0.628093546817,-0.822245008272833,-0.711543195990588
1,1836.82217618358,4857.90222181932,246.118576049805,15.6881667523584,"2014",2014,"11",-0.928494724335449,0.326727850076563,0.596750656638908,1.02085229197083,1.65031932913111,-1.60189869515528,-2.53566498213535,-1.73060083587498,1.69039867900703,1.79094312314862,2.03316969770235
1,1883.0241131223,4812.63140298047,656.316223144531,25.6186694257241,"2014",2014,"11",-1.03110448463875,0.138325216000445,0.276426415788382,1.07967247971076,1.67770806096903,-1.12581683132063,-1.90667091174366,-1.06494595792863,2.46211571462912,1.91450397530593,1.99497580272032
1,1898.94615698161,4787.30410835357,54.6930160522461,7.39547267267252,"2014",2014,"11",-0.800232523956323,0.547332175182945,0.844588096698191,1.03453653550948,1.32119722350209,-0.709484620319206,-1.45332346766359,-0.558736443995442,1.10633951150158,0.987295328910988,1.00224797085833
1,1766.04644420685,5000.80890529419,5797.45947265625,76.1410498526009,"2014",2014,"11",-0.828450217825356,0.519999733055609,1.69623480162447,0.648284196636475,0.986314231309858,-1.76632195835171,-2.31929469006018,-1.92206357696861,-0.115763178380421,-0.892314593235187,-1.07332829299644
1,1765.46700822542,5031.12931622509,1968.94860839844,44.372836379912,"2014",2014,"11",-1.13627949873526,-0.431038087489915,0.0122563859419686,1.02192062321642,1.93116623733045,-2.06957724588696,-2.91625985501728,-2.23879428882788,2.49516195228472,2.21488395752217,3.85785066686838
1,1786.55269132285,4979.71592655714,2808.87622070312,52.9988322579198,"2014",2014,"11",-0.320531899431204,1.28374208430557,2.72030427300022,0.252124617350522,0.628908792290784,-0.280312461714928,-0.18779773430513,-0.0631874079568158,-1.11409059240474,-1.09929687450775,-0.937357732383191
1,1781.41290520813,4944.33582701881,102.559478759766,10.1271653862157,"2014",2014,"11",-0.176878274149102,1.1060288342126,2.60067126116317,0.1552874506349,0.48193274588211,-0.0393077903347122,0.340170994312385,0.486682944612036,-1.02102242672307,-0.905657958345856,-0.904510298752538
1,1788.47532335739,4887.14253361266,771.254821777344,27.7714749658232,"2014",2014,"11",-1.12088802490414,0.125960974791913,0.0123448421915293,1.08289974834379,2.04554517014513,-2.71259969517655,-3.36822142384191,-2.76707752247808,2.65422951120335,2.44574547930149,2.83637355223322
1,1772.00294090684,5032.03903301047,410.197631835938,20.2533363137024,"2014",2014,"11",-0.800232548420393,-0.137114868303184,0.778982808788629,0.974083168605774,1.64581194695456,-1.72072254032802,-1.77654950583948,-1.2507338281117,0.594532880771457,0.809404224547691,1.64182905967977
1,1793.82226652699,4997.89476534383,27.346508026123,5.22938887692654,"2014",2014,"11",-0.0999209049934754,-0.876537224435148,1.96927458877317,0.0531109310883699,0.231766663645397,0.0475760217300467,0.367778421826357,0.376356052500158,-0.65077582405565,-0.536984758630405,-0.565948378360361
1,1798.30236119997,4956.91135279117,27.346508026123,5.22938887692654,"2014",2014,"11",0.148907832241432,0.763313534718774,1.84358763818959,-0.282676651411321,0.0294014893510559,0.507888279617178,0.63872582043288,0.528108847088602,-0.913241286897242,-0.791780259376148,-0.802178030770853
1,1790.80539808281,4930.54093346132,27.855152130127,5.27779803801993,"2014",2014,"11",0.0309065491788594,0.933053159129803,2.34533433996937,-0.172301826202781,0.157594843437235,0.284363640981655,0.660938209696932,0.679020020211845,-0.790897385111284,-0.728883910708542,-0.742785432245166
1,1786.64725686348,4902.36521669563,461.432708740234,21.480984817746,"2014",2014,"11",-0.851537404107973,0.859281000874681,2.04734771245008,1.24435132681045,2.04817569814498,-1.3300003536963,-1.51681569015952,-0.626011381649858,-0.133702750940372,0.516992165414867,0.963351813090196
1,1782.27967116745,4893.49546887698,452.653350830078,21.275651595899,"2014",2014,"11",-1.11062705865943,-0.284818423658695,0.0581134299156324,1.12688273501625,2.18646035911704,-2.79101480383318,-3.40857981238919,-2.78959249668257,2.13733522218309,2.658501719048,3.11052293670559
1,1906.44102241196,4763.07508081334,273.465087890625,16.5367798525174,"2014",2014,"11",-0.866928877939094,-0.200755697087813,0.884045694021797,1.06299279659728,1.32259846042436,-0.625146122471056,-1.28712497341202,-0.416217007615254,0.990380950091738,0.817085421368619,0.826558929772722
1,1775.3813715625,4970.67436696037,19159.349609375,138.417302420525,"2014",2014,"11",-1.10293132174387,1.96540453123133,1.73868395678143,0.810800033523974,1.42935278264086,-2.50884032367471,-3.34658992356982,-2.91735148135334,1.21823459706419,0.543214004691403,0.398546141263698
1,1777.83183205955,5035.91126245884,27.346508026123,5.22938887692654,"2015",2015,"11",-0.687361772944247,0.211876515337424,-1.06900842591371,1.17871355764074,1.19289147023924,-1.12878030722276,-1.30512180836628,-1.21259633697767,1.34775249109195,1.05325557688475,1.13714099457918
1,1780.17625209578,4971.4941029794,4162.6962890625,64.5189606942215,"2015",2015,"11",-0.541142893868932,1.7745841059568,0.346548350655662,0.53360630383149,0.000977191349600972,-0.749059796306995,-1.00113196639688,-1.3445987808975,-0.154369085156922,-0.387305152213569,-0.935247723138667
1,1797.76951179914,4947.51708785424,27.346508026123,5.22938887692654,"2015",2015,"11",0.182255886912451,0.449190205540007,0.369617310732609,-0.718531103531496,-1.06188804900251,0.693331640358806,0.359936576336555,0.198985701243635,-0.799240777997262,-0.734678112857127,-0.766576500604737
1,1770.53903716495,4907.76344746146,54.7037620544434,7.39619916270806,"2015",2015,"12",-1.18758437888691,-0.208012082892966,-2.55732523609127,1.53139612020344,2.31111974416446,-3.51224651182666,-2.72536603965669,-3.65683007772312,-0.0512455976682373,1.84026965317491,1.65016187312181
1,1784.72432691692,4914.35651353748,3172.81811523438,56.32777392401,"2015",2015,"11",-0.56166482635833,1.27397113196439,1.17798129248297,0.51976075182861,0.167757388718439,-0.152595553229262,-0.057708199121984,-0.276508162887567,-0.276736537530716,0.455424906078049,-0.620051983831373
1,1806.94456692856,4921.87587619287,27.346508026123,5.22938887692654,"2015",2015,"11",0.497780880273845,0.140024188251093,0.641565392107301,-1.10002376953636,-1.14144344553795,0.759024949288307,0.536052321399727,0.311208645461588,-0.663717794162634,-0.775186810232026,-0.598080508313187
1,1822.20475236332,5059.824507589,54.6930160522461,7.39547267267252,"2015",2015,"11",-0.931059978128657,-0.16225672056337,-0.739907059981816,1.20052959625227,1.52823359324393,-0.828518459708553,-1.61442321446761,-1.43875328276993,2.57442671823669,1.2285285513435,1.3973346394867
1,1800.94166338008,4894.67588101296,6918.66650390625,83.1785218906074,"2015",2015,"12",-0.625795926547893,1.11830807737216,1.02633282761536,0.828647957729078,0.467042805565046,-0.507035963174222,-0.399419823457153,-0.484966943987307,0.0164889309915607,0.562923375849344,0.0711425672860218
1,1849.51840730144,4872.62959901732,1613.44396972656,40.167698088471,"2015",2015,"12",-0.841276437863269,0.745160439566014,0.522972394604907,-1.28935595745532,-1.00115530381876,0.757925628746134,0.730831035122798,0.661798264772243,-0.570213204386046,-0.618361305008666,-0.718205365665505
1,1827.04810860942,4876.97463832446,601.623168945312,24.5280078470575,"2015",2015,"12",-0.441098338430694,0.910988526377028,1.17775828167451,0.169652795586639,-0.0958556828953998,0.0551981956086038,-0.0236783870112703,0.0181889736309629,-0.314749243143051,-0.0909868982073016,-0.186289167253182
1,1837.37196698852,4857.93009476947,601.623168945312,24.5280078470575,"2015",2015,"11",-0.90797276738197,0.340200482643283,-0.661476359321474,1.28908839855426,1.55586713829546,-1.27767833971999,-1.42949105022569,-1.81267735540447,1.47584842832809,1.44014972941917,1.88297012581444
1,1852.22228828794,4859.35001468573,82.0395278930664,9.057567437953,"2015",2015,"12",-0.243574579203728,1.01455405180862,0.983865882472093,-0.0250218141780499,-0.218054491063457,0.0362656437913832,0.162923782971395,0.191530009421223,-0.243744471496225,-0.229138985972394,-0.271235915205395
1,1872.61125059178,4835.4650719356,1369.66137695312,37.0089364472031,"2015",2015,"11",-0.936190461251009,0.129315919283916,-0.358299882255966,1.20107729956758,1.19083324675938,-0.706386237719519,-0.933253399497133,-1.23413926220055,0.548304169567283,0.833548181012182,1.42622934284231
1,1881.8813990817,4814.38673012535,492.256500244141,22.186854221456,"2015",2015,"12",-1.04136545088345,0.0634125764718704,-1.03162568811557,1.45274783280267,1.79961773862164,-0.552856344990357,-1.28787736519057,-1.5335134839625,1.72521735185551,2.04516539836711,2.18597421050658
1,1902.5124321813,4782.90688920574,54.6930160522461,7.39547267267252,"2015",2015,"12",-0.695057485395733,0.647222717045725,-0.254817099777843,0.917276592223399,0.773674112557637,-0.196159510561484,-0.300897302105124,-0.605214259165436,0.603040079840081,0.433448609352076,0.657257714481277
1,1764.96515621604,5001.54272454292,14959.5380859375,122.309190521144,"2015",2015,"11",-0.859233141023534,0.474252971058945,-0.265602117834716,1.05673677027493,0.664527313777804,-1.47414021679408,-2.01181956981821,-2.39686447667149,0.511238048063895,0.497929071217437,-1.10823693225544
1,1765.58545113589,5030.80043537403,468.843322753906,21.6527901840365,"2015",2015,"11",-1.11575754178179,-0.408579216314014,-2.41422100023489,1.28075765279825,1.74348967143988,-1.49666683607946,-1.7386883252603,-1.88678285792745,2.11855110412503,2.30049822132667,2.47769582333679
1,1790.37141851545,5041.93327929875,27.346508026123,5.22938887692654,"2015",2015,"11",-0.607839247851704,0.595080814723078,-0.124303417489056,1.08174457379532,0.908913871534748,-0.40354687614835,-0.625443736906137,-0.579320453984316,0.673559855629732,0.445558697305906,0.437698667793421
1,1787.06355319216,4979.20081746387,5765.17822265625,75.9287707174049,"2015",2015,"11",-0.556534367700053,1.24125307221403,0.524418384211107,0.0353018924130592,-0.642447226881769,0.386873863768765,0.0422713887923266,0.0155904480207427,-1.08508554515054,-0.992265121003751,-0.847177624876191
1,1781.72781042451,4941.36311579422,984.474304199219,31.3763335047169,"2015",2015,"11",-0.179443479014165,1.04027301622849,0.703808564259972,-0.105831975797446,-0.565282711744979,0.231546960026263,0.204593848795514,0.0124423524202938,-0.88551939656597,-0.581789284817312,-0.885807181399584
1,1790.33611396263,4884.6645205728,109.407524108887,10.4598051659143,"2015",2015,"12",-1.16706242193344,0.0613250308753756,-1.88058143544821,1.48898974335778,2.06179316729062,-2.46125081374391,-2.17061326616589,-2.96132913752613,1.53876202222401,2.69815018532608,3.11253812558747
1,1771.18949180901,5031.50307802331,1121.20678710938,33.4844260382253,"2015",2015,"11",-0.784841050125196,-0.170639632935573,-1.41550794547783,1.18534328919053,1.20019500092521,-1.13289163517916,-1.36517586825031,-1.24672764078072,0.740015258817977,1.05905522101855,1.15441660878856
1,1791.07138418705,4930.23747481541,164.079055786133,12.8093347128621,"2015",2015,"11",0.0411674664954126,0.942941564284559,0.839525634605652,-0.594443671590928,-0.861491516935573,0.525975428853723,0.355492292253427,0.191496704906627,-0.775889083266046,-0.646662514451635,-0.74020172114152
1,1797.56704935081,4928.80626763779,27.346508026123,5.22938887692654,"2015",2015,"11",0.233560767064102,0.786555979988459,0.699308342402346,-0.860958810791431,-1.05071338248312,0.66800393488231,0.427880655274151,0.241461848547815,-0.771624023321967,-0.746949234717327,-0.676218470521262
1,1788.80933789004,4899.9188614647,1394.671875,37.3453059299291,"2015",2015,"12",-0.851537404107973,0.858196442851454,0.949014584809117,1.16337142577022,0.900542373478803,-1.00602764529679,-0.771049101695827,-0.928960348651074,-0.168362145790706,1.0879784165936,0.110263282913428
1,1780.92224270345,4895.2549292816,328.222564697266,18.1169137740749,"2015",2015,"12",-1.11319228798857,-0.42149137850966,-1.71672381271466,1.54391025375792,2.10396756976913,-2.72623450533412,-2.17335969381877,-2.90758807178447,0.504292173614869,2.6749014513782,2.39914917683056
1,1801.22319115398,4888.23264657362,1107.64233398438,33.2812610035194,"2015",2015,"12",-0.846406920985621,0.758878588831821,0.476798929326415,1.17521342022005,1.03568859863737,-1.20309426681693,-1.02266944692823,-1.09008668069598,0.69916453690365,1.2695551118422,0.65415718416424
1,1877.22871590025,4838.10079421428,24.861795425415,4.9861603890584,"2015",2015,"11",-0.643752654172233,0.370882427822377,0.173066014244907,0.88985733094664,0.642154591137245,-0.436369446623029,-0.4331834114836,-0.560041780779697,-0.154725653971646,0.374147888339184,0.521394440157158
1,1906.80674975585,4762.20501605004,27.346508026123,5.22938887692654,"2015",2015,"12",-0.87462461485466,-0.0800622061837098,-0.465756452842641,1.21372514793692,1.24874417941608,-0.231290954088733,-0.603396113256657,-0.964345394539364,1.00495737858457,0.690633167860839,1.00774433680162
1,2001.48356086322,4702.29315766425,84.8725051879883,9.21262748557589,"2015",2015,"12",-0.810493514665097,0.456027630523415,-1.63269297768079,-1.67203070980016,-1.16339743898422,1.16365081428968,0.967989823511957,0.954973039185531,-0.50463113969585,-0.910743765977205,-0.735888437795869
1,1775.17012255313,4970.36852554728,437.544128417969,20.9175555077062,"2015",2015,"11",-1.14654046497996,1.96304465253924,-0.226921355723465,1.02723137989676,0.74434766440199,-2.20646664649983,-2.57884780476494,-3.30325776310214,1.73091180783555,0.839368335674593,-0.954271158831296
1,1808.48822304786,5029.84284785852,54.6930160522461,7.39547267267252,"2015",2015,"11",-0.0024416522766017,-0.728433391428642,-0.597687322732196,0.0285343653711834,-0.302308766376561,0.461481520805434,0.209633498438453,0.134374184471961,-0.54303100409168,-0.491475246731071,-0.461256186470675
1,1779.78086349855,4970.2711082938,4293.40185546875,65.5240555480867,"2016",2016,"11",-0.528316673831019,1.78011487543409,1.03498504527052,0.816122241752035,0.144650140378172,-0.7211455430052,-0.557837407434154,-0.795305570089143,-0.352205737180974,-0.355856591047553,-0.663600152994068
1,1823.70781372728,4960.75466947356,27.346508026123,5.22938887692654,"2016",2016,"11",0.413127847594879,-0.92477433600176,0.428819806568639,-0.238462461262373,-0.272274719761683,0.975334124475073,0.962163862378145,0.939044017592245,-0.52895523292065,-0.567041530724623,-0.546019813971698
1,1770.10496989251,4909.56292354377,601.623168945312,24.5280078470575,"2016",2016,"11",-1.20810633584039,-0.0810999651164537,-1.6951757135185,1.37616732846952,1.80845611894543,-2.91753809159515,-2.54655848814498,-2.59072086601255,1.34891495918388,2.56962051943448,1.49226875091581
1,1783.77878462252,4915.2798848106,546.93017578125,23.3865383454082,"2016",2016,"11",-0.595013027813791,1.23780780984312,1.70367322878044,0.938716739997746,0.316470323591334,-0.218475772098284,0.147533866098285,-0.0713756019442019,-0.815871046001929,0.276094303585019,-0.27030031419646
1,1806.40566921337,4922.01750643684,27.346508026123,5.22938887692654,"2016",2016,"11",0.454171810429976,0.208608133311566,0.918818722714383,-0.537613694788758,-0.56527208960786,0.891402227997127,1.02992285282691,0.84319908411022,-0.654723997694638,-0.654651590241621,-0.657252578183339
1,1822.84347936929,5060.32165464833,79.1639404296875,8.89741200741471,"2016",2016,"11",-0.895146571808133,-0.151371475430082,-0.938694266772626,1.28354768170833,1.36098909537668,-1.16842490871999,-0.712848153865103,-0.963250713360281,2.88121951723814,1.81247990549829,1.61842139800087
1,1800.66295541214,4895.21968712714,191.425552368164,13.8356623393376,"2016",2016,"11",-0.651448366623718,1.12242059315675,1.41581565495329,0.890035386154243,0.261598133565294,-0.356375746022085,0.109730814507304,-0.0780121634650351,-0.629332032322189,0.382272453151392,-0.364889726146347
1,1849.38850429475,4872.54848064297,246.118576049805,15.6881667523584,"2016",2016,"11",-0.887450834892573,0.761368809268632,1.16570560947713,-0.881329198167056,-0.654036863662068,0.953184260588799,1.07682011779938,0.92879082236706,-0.557372727719848,-0.594763587303111,-0.69981828228039
1,1837.31806708769,4857.66750981254,355.504608154297,18.8548298362594,"2016",2016,"11",-0.936190461251009,0.332556992769136,-0.683384004422157,1.20763185137945,1.2417050772444,-0.993104139880829,-1.17309193424011,-1.62049984118842,1.38075477153669,1.95610530906035,2.19693893774626
1,1872.12286684511,4836.23644788896,45.5745315551758,6.75089116748121,"2016",2016,"11",-0.602708740265281,0.12765598438454,-0.238414743971678,1.10619395011674,0.993814302267961,-0.368450595246641,-0.858931757644267,-1.21425179581375,0.508733715227689,1.28626021959055,1.29992333239207
1,1882.95629320232,4811.43889162842,54.6930160522461,7.39547267267252,"2016",2016,"11",-1.061887432301,0.159911090947516,-0.872765582117907,1.26645756203727,1.43871686039919,-0.164046590758242,-1.0714838549277,-1.28176744806601,2.60921666797045,2.22209590360506,2.03871906012534
1,1900.24389382818,4785.59693331058,27.346508026123,5.22938887692654,"2016",2016,"11",-0.813058768458305,0.569459551521499,-0.171672616111288,1.11222652075259,0.898812194541603,0.0847872859319557,-0.474743800601872,-0.763773959677712,0.898223068993133,0.88939119352173,0.795810018283216
1,1766.58192314692,4999.94105208583,1613.44396972656,40.167698088471,"2016",2016,"11",-0.846406920985621,0.536796415436345,0.585036795689967,1.07355054774031,0.564777485728326,-1.42656333959768,-1.21493728903029,-1.46990974724556,0.342751807072336,-0.17951894003315,-0.60852653525657
1,1766.22169581407,5031.82894415422,1471.12341308594,38.3552266723316,"2016",2016,"11",-1.16706242193344,-0.428257908857963,-1.67374843289763,1.25795249885886,1.48589183678208,-1.64397153541277,-0.996006147767332,-1.13692392983586,2.29977918008896,1.78123999820653,1.76730055299901
1,1785.67784590694,4979.52839312927,1613.44396972656,40.167698088471,"2016",2016,"11",-0.443663592223907,1.36688202869423,1.35015663698706,0.601651426522858,-0.161528382651856,0.142448084322258,0.249759203995727,0.19598783994306,-1.23255827012455,-0.978153590124167,-0.93305051684401
1,1781.41492923432,4941.85033550036,27.346508026123,5.22938887692654,"2016",2016,"11",-0.338488627055539,1.07239282116325,1.07887868575469,0.487962188366331,-0.322680525495143,0.379334484286216,0.635575663572052,0.428721032112866,-1.20110575565476,-0.255229971188892,-0.827790309127437
1,1790.75271750398,4884.92402043353,853.244567871094,29.2103503551583,"2016",2016,"11",-1.1850191250937,0.0728048027792745,-1.60911861471998,1.34836209375863,1.70081256156903,-2.14770480079066,-1.97011268896832,-2.30058349063657,2.17377510086326,2.98286785134896,3.42756576645669
1,1776.29830792016,5005.79114400873,54.7037620544434,7.39619916270806,"2016",2016,"11",-0.348749593300242,-0.840681573538927,0.609829136737302,0.81411334450589,0.00123193208141475,0.0128682201320644,0.388809690184568,0.212521499237214,-0.883739825493787,-0.365196507031702,-0.609183583694505
1,1817.97234368887,4905.53582313001,54.6930160522461,7.39547267267252,"2016",2016,"11",0.823566888808082,-0.650928233000114,0.729125143622289,-0.772162588458495,-0.539636170219198,0.970560177790078,1.09126099542219,0.994257852650946,-0.586810608498903,-0.613239159727316,-0.732353171330949
1,1770.51021501836,5031.49240093044,1148.55334472656,33.8903134350593,"2016",2016,"11",-0.859233141023534,-0.177652135594276,-1.09568441462538,1.22724976606167,1.21519404866291,-1.46759842344448,-0.785747183387437,-0.764407291432193,1.11718825660573,0.856814230396591,0.774623686598893
1,1792.51443885537,4998.31691100731,27.346508026123,5.22938887692654,"2016",2016,"11",-0.171747717634529,-0.98718894000737,0.61392379569336,0.393772326322564,-0.278188400972734,0.560773286397965,0.617111357967584,0.56106598475731,-0.717924770418786,-0.502628751383601,-0.555260947047696
1,1788.39022003568,4900.34560388042,1039.16735839844,32.2361188482491,"2016",2016,"11",-0.602708740265281,0.854506150394208,0.651590336917411,1.23095445299074,0.97959397766398,-1.27615341417612,-0.878986815347818,-0.77807556435086,-0.686475549952055,1.18458419662443,-0.0773739267506593
1,1781.74194418287,4892.95307950703,205.118957519531,14.3219746375816,"2016",2016,"11",-1.15936668501787,-0.342504831848285,-1.90263445546192,1.38703542309932,1.83081252111485,-2.45931627860325,-2.17463017969205,-2.39067250615597,2.85084460649395,3.39666050495365,4.26058674542297
1,1801.07978830357,4888.15188073389,355.504608154297,18.8548298362594,"2016",2016,"11",-0.866928877939094,0.744242542040998,-0.0615993087065,1.18536954791665,0.943126668738297,-1.37233957197207,-1.07995883868384,-1.02049189250292,0.18030654010603,1.5025386736425,0.66221440786346
1,2001.47521327766,4703.37200900362,27.346508026123,5.22938887692654,"2016",2016,"11",-0.846406920985621,0.482650851356495,-0.595450419256601,-1.54019485312045,-0.898354500469107,1.29147016607187,1.17352654256881,1.17146676194073,-0.52431477848812,-0.912788707617609,-0.744089506752434
1,1774.76073605175,4969.75743056053,2324.453125,48.2125826418789,"2016",2016,"11",-1.13627947427119,1.96750745621401,0.477211705797283,1.06590159441648,0.662988364044189,-2.18460074648882,-2.15010275336349,-2.67776166914364,1.49726758510631,0.608567049272346,-0.0816816637894875
1,1834.13674892718,5005.15757753536,28.034574508667,5.29476859821721,"2017",2017,"11",0.146342529520073,-1.77660931084221,0.0327101076718609,-0.177358442283789,-0.1876981812253,0.729664929519411,0.536818632955323,0.749883322164709,-0.274888702696127,-0.545547821891499,-0.522111239681933
1,1770.33610412861,4909.12739193718,164.079055786133,12.8093347128621,"2017",2017,"11",-1.20297585271804,-0.0829321826470467,-2.5638450657146,1.35619675846765,2.30115214706424,-2.88358743611461,-2.38831167199042,-2.84271410755084,0.819441192357935,2.90983957089829,2.82160694987176
1,1783.84885996842,4916.11761845634,672.440002441406,25.9314481362188,"2017",2017,"11",-0.556534367700053,1.21261226367162,0.985684625435927,0.689142311143717,0.399192521595179,-0.675255726591314,-0.286634720120129,0.321172246102285,-0.432880078236927,0.390746157144289,0.272189651519312
1,1800.75225736736,4895.01970059309,1886.90905761719,43.4385664774655,"2017",2017,"11",-0.636056892792597,1.12013077996268,0.290411656660655,0.752300680197293,0.482993650268563,-0.857692442014637,-0.466566655527201,0.201692800178418,-0.213125486549405,0.37924831062829,0.443575231956899
1,1823.14642969562,4870.69591212789,1750.17651367188,41.8351110154124,"2017",2017,"11",-0.882320351770221,0.156224748986793,-1.05768566587939,1.19751631320297,1.46893711713492,-1.48614381376122,-1.15206844982108,-0.924796738340922,0.265660042155962,1.23219837664422,1.30913966403487
1,1827.07851310387,4876.90190847786,34.1864929199219,5.8469216618595,"2017",2017,"11",-0.466750827434665,0.905159917279213,0.337007272565515,0.47580361293526,0.16758153333719,-0.596086434602341,-0.287149195072683,0.310321389531681,-0.565359598932637,0.120274865256694,0.225224074550833
1,1846.32644718819,4886.40367832117,56.5816688537598,7.52207875881128,"2017",2017,"11",1.3289199778731,-0.629120874638736,-0.92655206964872,-1.28994400686355,-0.963774435776794,0.787000366836631,0.881118389240952,0.913272874940538,-0.561797456266027,-0.796397166202492,-0.689030809463427
1,1836.83669222045,4858.94235222387,1531.40441894531,39.1331626494117,"2017",2017,"11",-0.900277054930485,0.34141249908673,-1.24545095681262,1.21700034293304,1.5967735231548,-1.29165337031818,-0.964368443741482,-1.18762964394888,2.75769831128589,1.47565482407299,2.03079564947923
1,1874.62284000274,4835.94871341441,273.465087890625,16.5367798525174,"2017",2017,"11",-0.949016681288922,0.196228803441476,-0.720606719463482,1.07224672032378,0.906780887388406,-0.637980253563123,-0.461956926544348,-0.457632673048341,0.645030504018251,0.630570574645401,0.784649547404195
1,1883.60971341588,4814.48484261091,437.544128417969,20.9175555077062,"2017",2017,"11",-1.03110448463875,0.108539110006895,-1.53568587220558,1.30581816746558,1.68126441763707,-0.507259671632745,-0.389488619461183,-0.792849665451588,2.71591982350975,1.7300696881,1.73540038886913
1,1900.93163059017,4784.3184168588,27.346508026123,5.22938887692654,"2017",2017,"11",-0.782275845260133,0.57077784922587,-1.00686363012039,1.1958817389135,1.16288125888865,-0.21822248122926,-0.0568608521935147,-0.43586530633519,1.50521392576108,0.820090312891482,0.742715064469747
1,1766.74247441303,4999.55828391756,6069.47998046875,77.906867351144,"2017",2017,"12",-0.843841691656483,0.550916488133611,-0.557427009628439,0.936590691455376,0.808825358364286,-1.92584444766255,-2.56342625102306,-2.21907387582409,1.00126655638196,-0.419737581791942,0.835701857217643
1,1765.67265061472,5031.21218592286,902.434753417969,30.0405518161363,"2017",2017,"12",-1.17732338817814,-0.409495483183248,-2.13707104669836,1.18261962952479,1.79967450681398,-1.80770216123179,-1.96786637105835,-1.66766986248723,2.45455064350284,1.85342487767397,3.64716289053117
1,1785.86707483551,4979.12870674181,3937.89721679688,62.7526670094338,"2017",2017,"11",-0.407750234831529,1.35596387551299,0.494534552552797,0.37033487419459,-0.100233561672752,-0.211623831486518,-0.175147196109965,0.139305982522355,-0.883014085996022,-1.01410590165383,-0.868155106371933
1,1781.67349646487,4942.30675796889,763.8525390625,27.6378823187034,"2017",2017,"11",-0.199965411503568,1.06486238741679,0.845851586483405,0.0751333436034322,-0.326302286988975,-0.0565500186704698,0.423455636162253,0.604564168147075,-1.05558523043736,-0.54898430553265,-0.470160036754926
1,1790.73009986084,4884.83027728819,218.772064208984,14.790945345345,"2017",2017,"11",-1.15423620189552,0.0692500974793388,-2.16827966605757,1.31976709487999,2.18229190794431,-2.22303688607155,-1.67328001764058,-2.22988237378385,3.63393123408134,2.45956301377537,4.09834828545207
1,1886.25591865867,4836.05239378248,32.8171005249023,5.72862117135549,"2017",2017,"11",-0.16148675138983,0.643802695867116,0.26808109427401,-0.190790764860211,-0.451616660796241,0.123873965895098,0.412694557341781,0.60911511784928,-0.352614774916149,-0.325704528737675,-0.230068391775738
1,1775.89860417043,5005.62535209336,57.6234016418457,7.59100794636955,"2017",2017,"12",-0.353880051958519,-0.733538649719963,-0.0011979664245229,0.403620793466413,-0.153225227721215,-0.129121078978372,-0.0992560938485621,0.3345174834278,-0.748322452100738,-0.422553777788778,-0.668058304495172
1,1817.52485075272,4905.95948611676,25.6351509094238,5.06311671892164,"2017",2017,"12",0.81843638122166,-0.651252251763465,-0.129908343484901,-1.04348768787221,-0.864382517810083,0.714530141196383,0.825801441001737,0.862227290985094,-0.563676222256946,-0.776711376374697,-0.632308318435915
1,1770.22985481808,5031.62875816967,1846.07055664062,42.9659232024708,"2017",2017,"12",-0.902842259795548,-0.159661087510996,-1.46031522343958,1.10645460043019,1.37125065151593,-1.59624379246734,-1.59577316336085,-0.857619894311691,1.10952164883581,0.814904410136987,1.37986534277062
1,1793.92408693599,4998.25200575544,56.5816688537598,7.52207875881128,"2017",2017,"11",-0.0999209049934754,-0.882086681320506,-0.183538008481657,-0.019204571901672,-0.476658745551919,0.453355764327362,0.47002246790381,0.503061759145245,-0.60555840126487,-0.489975838285469,-0.779335035184796
1,1791.45093464445,4929.77215650054,28.2908344268799,5.31891289897474,"2017",2017,"12",0.0309065491788594,0.949375407399187,0.79613499248213,-0.383121500631272,-0.682099068499559,0.33818048914668,0.684258691149539,0.725796696386534,-0.758935282311117,-0.665200425603255,-0.490356570955149
1,1787.55490625988,4901.44041981564,656.316223144531,25.6186694257241,"2017",2017,"11",-0.892581318014919,0.861397692855112,-0.483557242130861,1.19619870466673,1.23712778443968,-1.60178813600852,-1.19649269382986,-0.374517889823624,-0.73325731005777,1.17825133949321,0.71747460455889
1,1781.55215598737,4894.57709950268,196.902603149414,14.0321987995258,"2017",2017,"11",-1.13371424494205,-0.372383900216809,-2.28537488958604,1.35432613833298,2.24791513915414,-2.45780603066096,-1.89514550354394,-2.22876380616997,2.74656499368375,2.52404349286129,3.2231670650345
1,1801.26894570099,4888.40170756484,765.25146484375,27.6631788636764,"2017",2017,"11",-0.86436359968181,0.774183533406529,-0.690412843713944,1.1636823843687,1.22151871990695,-1.52338610541284,-1.27011920429814,-0.570099289232217,0.830430007363533,1.26111046407121,1.29852719672764
1,1906.38286292379,4761.75257361951,54.6930160522461,7.39547267267252,"2017",2017,"11",-0.892581318014919,-0.165129420076672,-0.959518656778433,1.23913070100872,1.24291196225149,-0.166129356041468,0.00736048821417317,-0.480331383225234,1.20678031023095,0.705180667288213,0.715835120660025
1,1774.95550377579,4969.5246403644,726.615417480469,26.9558048939457,"2017",2017,"11",-1.13371424494205,1.95376366200602,-0.0960733053267678,1.01332014443371,0.966749490288659,-2.24121248262558,-2.79215546753609,-2.8470584812993,2.44818645000077,0.918335917846754,0.650654712396714
1,1778.13575979228,5036.1287745013,27.346508026123,5.22938887692654,"2018",2018,"12",-0.70018799298216,0.242682303193775,-0.607308690986044,1.04671964211888,1.19926770310723,-2.02244044226279,-1.36078171763562,-0.576486840358558,1.27414095630575,1.33591382062755,1.0103096634097
1,1780.65612937019,4971.38523014601,7028.052734375,83.8334821797055,"2018",2018,"12",-0.589882520227369,1.74999459507395,1.00259230862147,0.403046996327293,-0.0592985376138225,-1.18526869697727,-1.00588085974091,-1.05121385135674,0.118289556127968,-0.267000619215121,-0.106502822524158
1,1797.51694138735,4946.67055299158,27.346508026123,5.22938887692654,"2018",2018,"12",0.102733361819913,0.446211827922343,0.397764344878413,-0.961939953658919,-1.25587687212905,0.446063495671092,0.503806768558217,0.473566334590045,-0.763906555525644,-0.663510931717602,-0.699702071580858
1,1770.85904832968,4907.75813980019,382.851104736328,19.5665813247059,"2018",2018,"11",-1.27736790692026,-0.204998810010369,-1.73768916353316,1.64230772329638,2.84424542112141,-3.63426473020395,-3.21373528596119,-3.6312010707324,2.53034183186776,3.40046949820486,1.01983516627976
1,1783.63541552291,4914.90268427981,1066.51379394531,32.6575227772302,"2018",2018,"11",-0.697622788117092,1.2457135951135,1.39905064014017,0.702490444558846,0.24548351247324,-0.692759652471783,-0.279358574361774,-0.0558835428632025,-0.365222820961288,0.2934797713191,-0.590472244896828
1,1806.84136599673,4922.37199781799,26.4631900787354,5.14423853244923,"2018",2018,"11",0.415693150316238,0.151456510543777,0.157500298903866,-1.24729605863731,-1.26364509365238,0.53246812721676,0.56339566290715,0.547420233334196,-0.696881519621325,-0.583186108276578,-0.602283143376535
1,1800.84133350543,4895.11653889043,246.118576049805,15.6881667523584,"2018",2018,"11",-0.620665467889616,1.12068467061218,1.14502383557153,0.667633909527474,0.229437677095544,-0.714151006995798,-0.203561714557605,-0.0295838957818461,-0.46239751277305,0.304793610784583,-0.378179903689413
1,1823.13411823246,4870.39839594735,791.960266113281,28.1417886089936,"2018",2018,"11",-0.961842901326835,0.141641035245757,-0.302281637161369,1.47076599898793,1.76755093276474,-1.7105970129053,-1.46499149232914,-1.6899331570829,-0.150362024441848,1.31761474208377,0.509714779605652
1,1827.2087585205,4876.16601001116,27.346508026123,5.22938887692654,"2018",2018,"11",-0.57962155398267,0.861385615259034,0.738572323341613,0.444735048340424,0.0503090086579026,-0.671755786626959,-0.276986644385441,-0.0321847872866206,-0.35393612545081,0.242145601799832,-0.036777172081702
1,1837.53457187145,4858.69934103194,820.395263671875,28.6425428981415,"2018",2018,"11",-0.864363648609956,0.359679086767895,-0.30971250226635,1.40998260764034,1.80504383115922,-1.40167038195074,-1.46024723148692,-1.97029661285879,0.932454965049835,1.52745455971049,1.50709432462893
1,1872.65457847025,4834.92893574571,779.944274902344,27.9274824304366,"2018",2018,"12",-1.03110450910282,0.121826066216198,-0.0446436047546107,1.38880033563302,1.76805142721188,-0.848411526490632,-1.21622564789697,-1.69006168885062,0.81476560505383,0.924091277259074,0.883548911366887
1,1884.19772785193,4810.58079257347,82.0475769042969,9.05801175227196,"2018",2018,"12",-1.03880022155431,0.203400438548838,-0.512450927173167,1.55314835471733,2.45889752219026,-0.608603238676731,-1.39041378226116,-1.85462784948515,3.60093810043963,1.84217597985171,2.67076754026739
1,1900.62921376142,4785.06228580571,27.346508026123,5.22938887692654,"2018",2018,"12",-0.802797753285461,0.570647507523042,-0.0223849515488733,1.35034106254842,1.71695747234896,-0.279946057887319,-0.621002815841143,-1.2414757190073,1.02829839898129,0.767903608113121,1.04544823627665
1,1917.08066877563,4815.41338952626,26.4631900787354,5.14423853244923,"2018",2018,"12",1.91892619747337,0.908371289869577,-1.27258626171455,-1.63056299472626,-1.48791870238295,0.724690131445738,0.762422636847655,0.687553073652486,-0.63543664209876,-0.808630934983912,-0.752447849423775
1,1771.91958587964,4997.9968886078,4949.7177734375,70.3542306719184,"2018",2018,"12",-0.494968472375558,0.482324081654202,1.04928010952905,0.289235589133507,-0.0762170694593706,-0.924462677919803,-0.75716994831621,-0.52287115185869,-0.298085090069997,-0.391014950469519,0.137556997241747
1,1764.62355797713,5030.98251582188,778.827087402344,27.9074736836272,"2018",2018,"12",-0.94388619816657,-0.458382606352067,-1.66512727657029,1.28889616960246,1.92872213152536,-2.22349002861649,-2.37159791752339,-1.35281366702778,2.58048972727654,3.85306261410244,2.75344247766498
1,1786.23500575675,4977.9763914008,7588.31884765625,87.1109571044668,"2018",2018,"12",-0.371836779582854,1.33874883256935,1.30730527596808,-0.126797424854752,-0.805746476764966,-0.0450879479476353,0.178632707722466,0.216949361762187,-1.24588519318288,-0.982549998221199,-0.89073173154631
1,1781.6411572071,4941.52628832796,191.425552368164,13.8356623393376,"2018",2018,"11",-0.279487985524252,1.05528283767166,1.17553049099307,-0.298563078616566,-0.801192779488773,-0.0885044022010582,0.252622290514449,0.344042483629315,-0.910178868096789,-0.567660932456652,-0.705019312128951
1,1789.24044520682,4885.24701286948,1154.81262207031,33.9825340737019,"2018",2018,"11",-1.1952800913384,0.075207176181361,-1.18848063091035,1.6100074485519,2.56125017339464,-2.7231503004796,-2.35945319061182,-2.98495031906235,1.51630147356104,2.65920157061128,2.0964565233094
1,1776.30878745382,5005.55044591205,79.3895721435547,8.91008261148878,"2018",2018,"12",-0.441098387358839,-0.803359983074646,0.660104509389491,0.0138409119830897,-0.507734738989101,-0.51972542673654,0.095508989628905,0.101905194532672,-0.717091565710895,-0.32148877092701,-0.135247889889334
1,1908.29858506633,4778.82933320494,27.346508026123,5.22938887692654,"2018",2018,"12",-0.356445305751728,0.934765227014335,0.36620229546694,0.317742352201079,0.193560735855301,-0.040824972648542,0.157507096684543,-0.183769648864575,-0.141895552828433,-0.10189838625115,-0.0606995787244318
1,1818.35386246838,4905.64714230006,76.9054489135742,8.76957518432759,"2018",2018,"11",0.77739251624286,-0.700685165432352,-0.0269070580518606,-1.40571737958908,-1.20869889904946,0.571519689996015,0.596096592896725,0.583653361399505,-0.650681727310309,-0.644979188706831,-0.63247441512671
1,1770.08837998646,5031.27023971283,1767.51391601562,42.0418115215748,"2018",2018,"12",-0.800232523956323,-0.183207082888585,-1.034778192182,1.10189399995876,1.35489587976293,-2.07600832558871,-1.50041890571531,-0.774302372128784,1.08316410974217,1.79469867627812,1.35228979627954
1,1793.30099625922,4998.64999942248,85.9373321533203,9.27023905588849,"2018",2018,"12",-0.14353002376549,-0.949355302655924,0.627672388510082,-0.493808587951614,-0.857496062756527,0.118554721322102,0.369082482201301,0.312734874894408,-0.666566735914669,-0.530584237610333,-0.30257866958058
1,1834.96390831688,4996.43780536676,26.4631900787354,5.14423853244923,"2018",2018,"11",0.22843025947768,-2.03436230525799,0.419695744809019,-0.609281584617478,-0.783231956585007,0.516430825447632,0.346693411993569,0.330379746297052,-0.558472110021672,-0.693442670676363,-0.515897153657043
1,1792.28903271326,4928.27003366555,27.346508026123,5.22938887692654,"2018",2018,"11",-0.0383550585971259,0.980228680328153,0.807839943917772,-0.880242060208247,-1.09293091895249,0.305588597855148,0.485784610745864,0.477354996122332,-0.819971423356829,-0.576794491178636,-0.53560496859885
1,1787.99453879936,4900.84759370016,2067.9384765625,45.4745915491552,"2018",2018,"11",-0.950042777913391,0.859843748484167,0.780384523805859,1.44472808490761,1.30899797563344,-1.60501248242031,-0.864347664423497,-0.80063277583835,-0.393717023263318,1.04563709127744,-0.308000373832558
1,1781.91114070182,4893.36837094021,355.504608154297,18.8548298362594,"2018",2018,"11",-1.22093253141423,-0.321098672760909,-1.38811654143816,1.66570205740254,2.66718628984616,-2.98640989647238,-2.49507925579255,-3.14763855094923,1.89117195715866,3.10017232908872,2.11724297669129
1,1800.78667985585,4888.71359409744,656.316223144531,25.6186694257241,"2018",2018,"11",-0.843841667192407,0.799098950368045,0.223300022129584,1.39774739190824,1.35231337267467,-1.75636473712206,-1.15028569388792,-1.10650835431774,0.12009545454209,1.18562611657011,-0.05571762519943
1,1878.01183463631,4836.90063098919,27.346508026123,5.22938887692654,"2018",2018,"12",-0.748927668268742,0.370427657010285,0.333132157025775,0.999467331495204,0.840034540369203,-0.648771017144363,-0.657329123873428,-0.805160733899331,-0.220642302849687,0.399342807303745,0.258249848705137
1,1906.45750200167,4761.64552861399,109.386032104492,10.4587777538531,"2018",2018,"12",-0.887450810428497,-0.150358789984303,-0.022464231115972,1.45674019569781,2.02558504957546,-0.147568915502951,-0.680672756698897,-1.32433762450995,1.27250287037601,0.783145208744344,1.15659848797436
1,1987.20323599984,4676.59511362801,27.346508026123,5.22938887692654,"2018",2018,"12",-0.656578874210145,0.318726264267126,0.791146245866866,1.28545909552784,1.60992505668136,0.312258708886107,-0.0830055338763027,-0.565592533225787,0.711095437012212,0.245931113042489,0.648871986575771
1,2005.17751894169,4664.4239582344,117.235496520996,10.8275341847069,"2018",2018,"12",-0.946451451959784,0.363794199087802,0.501380473845797,1.50491718411754,2.24749680029887,0.354204385676067,-0.0595506541941229,-0.711740432782739,2.1931364329603,0.442440061971997,1.77917242591119
1,1775.32457186279,4970.15256648397,3598.99389648438,59.9916152181651,"2018",2018,"12",-1.174758158849,1.96082702142827,0.565124033584503,1.21312831944503,1.1432287377065,-2.66261160160234,-2.72309087996902,-2.91146085906484,2.33192062766338,0.763469462861655,1.02006680784583
1,1807.9418753794,5029.2407622392,26.4631900787354,5.14423853244923,"2018",2018,"12",0.00268885530982559,-0.72457920831026,0.470521451241032,-0.182153214472854,-0.410346670593726,0.0131338892631218,0.215191631929718,0.327443731904805,-0.484690314801236,-0.465331584570894,-0.357286003825219
1,1780.27550809646,4971.03469020769,2898.72973632812,53.839852677437,"2019",2019,"11",-0.538577640075718,1.7691613398745,1.87459317988873,0.641748438450317,0.109157633828108,-0.559724190123798,-0.689035535917763,-1.01146908373781,0.0824179706263367,-0.593807526583174,0.0205500363636129
1,1770.08096805086,4909.82156233918,1968.94860839844,44.372836379912,"2019",2019,"12",-1.19784534513161,-0.0284191263856044,-0.936268399142108,1.64209452819667,1.7745517694251,-2.29818166152796,-2.99805368876578,-3.20800685112765,1.47875922456622,3.27550539227145,1.13532637596877
1,1784.36347657474,4914.69321688691,1312.76123046875,36.2320470090878,"2019",2019,"12",-0.574491095324393,1.26367571134089,2.18159964412497,0.735399836941848,0.277683340926957,-0.147214062902337,0.228507045482464,-0.327645425254334,0.0950009998590592,0.770107889014842,-0.823219894240525
1,1821.78969744547,5059.2832686734,859.395385742188,29.3154461972215,"2019",2019,"11",-0.897711801137271,-0.184406278053422,0.326350007868002,1.13938295657619,1.00751784268903,-0.721160402372633,-1.18860018035229,-1.00905443059387,2.92412878020559,1.28613000283783,1.36801908370875
1,1800.72390164584,4895.05550708271,738.355712890625,27.1727016119234,"2019",2019,"12",-0.659144128003354,1.1201807863768,1.41671837914837,0.804935071666726,0.247016788461118,-0.39931481923954,0.0241050777707869,-0.469317825910777,-0.109062836475992,0.855890586922256,-0.491128733960367
1,1823.54102835986,4870.30691835652,1039.16735839844,32.2361188482491,"2019",2019,"12",-0.869494107268232,0.187978180677762,-0.0354876859676131,1.33393349700107,0.889144405417605,-0.991088718886791,-1.2304592322028,-1.58242850410412,0.46237658861464,2.10904600593541,1.20639182258487
1,1826.89407936206,4876.83710829087,53.7122116088867,7.32886154930537,"2019",2019,"12",-0.502664233755194,0.891158935499595,1.09963238045728,0.484252766385865,0.0119862189182147,-0.225741811926157,0.0679582545821546,-0.234104963996747,-0.203225164716336,0.469598737509377,-0.210591159517769
1,1837.64297793414,4857.88816858067,290.267791748047,17.037247188089,"2019",2019,"12",-0.918233733626674,0.355608880204135,-0.0511986658690813,1.31935912662174,0.934440932459094,-0.747816771594746,-1.1621081946691,-1.53241704352859,1.93848976673794,2.23399923255013,1.68504984168268
1,1872.3431009535,4835.43158854067,191.425552368164,13.8356623393376,"2019",2019,"11",-0.956712418204482,0.124938225216646,0.419324786131684,1.22846480799283,0.720847507635348,-0.252232165206168,-0.881374669548927,-1.15888440510335,1.36385058272147,1.92507252386884,1.80651943719278
1,1881.88664188463,4814.29416412886,223.736175537109,14.9578131936827,"2019",2019,"12",-1.05162644159222,0.0652624987231974,0.125571513250607,1.53649735936681,1.28736677405845,-0.132312616633876,-1.06503109180992,-1.08636185281682,3.45960592377239,2.63368122359583,2.59359885180284
1,1766.16070259908,5000.27580792731,2927.31567382812,54.1046733085795,"2019",2019,"11",-0.879755097977007,0.52550807174151,0.71665046019111,1.10849750419243,0.517892952260317,-1.36884937466327,-1.76829452137257,-2.10303069448214,0.376511224397997,-0.244095921483703,-0.438761927616794
1,1766.16820695114,5031.54844906559,676.878295898438,26.0168848230997,"2019",2019,"11",-1.15936669724991,-0.409988286903869,-1.27268638048208,1.31169506510742,1.24862678267142,-1.2467027204568,-1.34796648064072,-1.61417343933506,2.45179706061124,2.20549537087777,1.93712787519295
1,1790.2207106997,5041.23975658841,26.8561058044434,5.18228769989118,"2019",2019,"11",-0.589882520227369,0.504059316736737,1.10442476929949,1.0365069764953,0.472030154048157,-0.110991105681071,-0.335711176270696,-0.358462717523197,0.676260281816538,0.611190009982123,-0.175583582315488
1,1785.79880804134,4979.18131267593,3390.96704101562,58.2320104497142,"2019",2019,"11",-0.443663592223907,1.35787377651188,2.05632327457817,0.40684750719012,-0.16573460142324,0.118214864413373,0.165259766515884,-0.0683383848988037,-1.02868888429591,-1.07826399903913,-0.900242425921946
1,1780.9184461375,4942.29249899176,875.088256835938,29.5818906906901,"2019",2019,"11",-0.215356885334689,1.09244669648632,1.78386570146881,0.128773518619211,-0.272956445202883,0.347398113762509,0.604410953563845,0.286828178621496,-0.923888121781537,-0.424586131683499,-0.934555730637463
1,1790.24765525711,4885.45823191164,205.118942260742,14.3219741048761,"2019",2019,"12",-1.20297585271804,0.096735665697411,-0.835902848583126,1.59963242484797,1.50423897230596,-1.70588891094022,-2.24451146840677,-2.66336611116052,1.87681770963349,3.49708372069674,3.20569076036088
1,1776.64240847291,5004.82296360578,187.992736816406,13.7110443371906,"2019",2019,"11",-0.335923324334179,-0.805419152404176,1.19551758422665,0.450791799410055,-0.185757034842476,0.208497218300284,0.314619996680538,0.164810689056694,-0.722161771816729,-0.260282725168446,-0.939348587211159
1,1817.94555781445,5028.1227353167,109.386032104492,10.4587777538531,"2019",2019,"11",-0.0127026185213007,-0.528413749385463,1.21055998472897,0.0474953800140556,-0.250530089375778,0.691309039609171,0.530656514778237,0.549872118984387,-0.439111343892154,-0.47960023169886,-0.44698669462876
1,1817.43930002414,4906.62339616699,27.346508026123,5.22938887692654,"2019",2019,"12",0.772262008656432,-0.717829333408172,0.898346333986114,-0.956572266427073,-0.72813456864609,0.919629764023915,0.901014505364549,0.843033516994196,-0.72522744820373,-0.745495787673626,-0.801689817280613
1,1771.72950273407,5031.71186764696,2488.5322265625,49.8851904533049,"2019",2019,"11",-0.825884988496218,-0.165916046770093,-0.514788007496553,1.19040877335009,0.851617695064092,-1.01642254987624,-0.95353243197826,-1.05125525451023,0.963960281588531,1.33202804403223,0.470966110398376
1,1793.9537462497,4998.17915776796,53.7122116088867,7.32886154930537,"2019",2019,"11",-0.105051412579903,-0.882086681320506,1.4164060699266,0.0248787800611943,-0.392280370114209,0.557220779717214,0.548171714317568,0.518215631808774,-0.654034283142112,-0.415779490227502,-0.703098992423959
1,1855.59489455485,4956.9403484014,53.7122116088867,7.32886154930537,"2019",2019,"11",0.559346775598345,-2.05869434292093,1.52614564810635,-0.570964695496554,-0.415118149342744,1.07522552689009,1.07706131969274,0.87340591493787,-0.504133701289375,-0.583718811223848,-0.421102448575125
1,1790.70014365877,4929.62722775689,54.6930160522461,7.39547267267252,"2019",2019,"12",0.00268885530982559,0.946408294898113,1.47626454755148,-0.242675934567025,-0.504667191187934,0.595769632373402,0.819352798137915,0.596626106837531,-0.925488005130876,-0.555871578049177,-0.866960199407458
1,1788.16817616331,4900.53988579111,1832.21606445312,42.8043930508671,"2019",2019,"12",-0.861798394816747,0.847681916101743,1.04834388463482,1.30490574740618,0.731605664052797,-1.00612149106328,-0.590183126989994,-1.20223949737478,0.0534982405928849,1.65446247148712,-0.363093892838188
1,1780.9364908556,4894.92169145075,410.237884521484,20.2543300190721,"2019",2019,"12",-1.17732338817814,-0.432261337860806,-0.707315630732838,1.65591848323492,1.59900647710211,-1.87446080046856,-2.38280144480316,-2.76481634915583,2.86105427861672,3.81221759643341,3.40521809580063
1,1801.17299685853,4888.4529742739,590.707763671875,24.3044803209588,"2019",2019,"12",-0.877189844183798,0.779985226440447,0.447722459869854,1.25306859567486,0.679993649489991,-1.02647664327568,-0.894632800435926,-1.32508315426058,0.602233445300679,1.97864527556396,0.322896948369211
1,1906.43247494385,4761.60688843766,27.346508026123,5.22938887692654,"2019",2019,"12",-0.887450834892573,-0.150358789984303,0.996029737728238,1.35667678117286,0.89784487622381,0.333979832307951,-0.277042267813691,-0.734458252107452,1.53872725961633,1.49477054063363,1.44412507494782
1,2004.51263119118,4665.56756554312,27.346508026123,5.22938887692654,"2019",2019,"12",-0.841276413399199,0.363790897753637,1.55058316517503,1.34674907455384,0.9133846847913,0.728625409978944,0.21627991349177,-0.418492588628333,2.45257621785794,0.978226509782328,1.2988396174235
1,1775.04742326045,4969.8439044498,18960.41015625,137.69680517808,"2019",2019,"11",-1.118322795575,1.96176665323442,1.31461267403744,1.07624756390797,0.595398838787747,-1.87167419193637,-2.48972270294173,-2.90711625782661,2.50999188704274,0.34632029912776,2.05571865059211
1,1807.80368869544,5029.1226512458,54.6930160522461,7.39547267267252,"2019",2019,"11",0.0539936865333252,-0.726243906417733,1.03053725827969,0.161160846066277,-0.247203774511895,0.651961707255559,0.474075027194518,0.492868166261879,-0.330586745811773,-0.418025975699803,-0.451660368436667
